metapath	metaedge	metaedge_abbrev	position	length
C<hpCduftD	Compound > has-part > Compound	ChpC	1	2
C<hpCduftD	Disease - drug-used-for-treatment - Compound	DduftC	2	2
C<ioCduftD	Compound > instance-of > Compound	CioC	1	2
C<ioCduftD	Disease - drug-used-for-treatment - Compound	DduftC	2	2
CduftD<soD	Disease - drug-used-for-treatment - Compound	DduftC	1	2
CduftD<soD	Disease > subclass-of > Disease	DsoD	2	2
CduftDso>D	Disease - drug-used-for-treatment - Compound	DduftC	1	2
CduftDso>D	Disease > subclass-of > Disease	DsoD	2	2
Chp>CduftD	Compound > has-part > Compound	ChpC	1	2
Chp>CduftD	Disease - drug-used-for-treatment - Compound	DduftC	2	2
Cio>CduftD	Compound > instance-of > Compound	CioC	1	2
Cio>CduftD	Disease - drug-used-for-treatment - Compound	DduftC	2	2
CsdiCduftD	Compound - significant-drug-interaction - Compound	CsdiC	1	2
CsdiCduftD	Disease - drug-used-for-treatment - Compound	DduftC	2	2
C<hpC<hpCduftD	Compound > has-part > Compound	ChpC	1	3
C<hpC<hpCduftD	Compound > has-part > Compound	ChpC	2	3
C<hpC<hpCduftD	Disease - drug-used-for-treatment - Compound	DduftC	3	3
C<hpC<ioCduftD	Compound > has-part > Compound	ChpC	1	3
C<hpC<ioCduftD	Compound > instance-of > Compound	CioC	2	3
C<hpC<ioCduftD	Disease - drug-used-for-treatment - Compound	DduftC	3	3
C<hpCduftD<soD	Compound > has-part > Compound	ChpC	1	3
C<hpCduftD<soD	Disease - drug-used-for-treatment - Compound	DduftC	2	3
C<hpCduftD<soD	Disease > subclass-of > Disease	DsoD	3	3
C<hpCduftDso>D	Compound > has-part > Compound	ChpC	1	3
C<hpCduftDso>D	Disease - drug-used-for-treatment - Compound	DduftC	2	3
C<hpCduftDso>D	Disease > subclass-of > Disease	DsoD	3	3
C<hpChp>CduftD	Compound > has-part > Compound	ChpC	1	3
C<hpChp>CduftD	Compound > has-part > Compound	ChpC	2	3
C<hpChp>CduftD	Disease - drug-used-for-treatment - Compound	DduftC	3	3
C<hpCio>CduftD	Compound > has-part > Compound	ChpC	1	3
C<hpCio>CduftD	Compound > instance-of > Compound	CioC	2	3
C<hpCio>CduftD	Disease - drug-used-for-treatment - Compound	DduftC	3	3
C<hpCsdiCduftD	Compound > has-part > Compound	ChpC	1	3
C<hpCsdiCduftD	Compound - significant-drug-interaction - Compound	CsdiC	2	3
C<hpCsdiCduftD	Disease - drug-used-for-treatment - Compound	DduftC	3	3
C<ioC<hpCduftD	Compound > instance-of > Compound	CioC	1	3
C<ioC<hpCduftD	Compound > has-part > Compound	ChpC	2	3
C<ioC<hpCduftD	Disease - drug-used-for-treatment - Compound	DduftC	3	3
C<ioC<ioCduftD	Compound > instance-of > Compound	CioC	1	3
C<ioC<ioCduftD	Compound > instance-of > Compound	CioC	2	3
C<ioC<ioCduftD	Disease - drug-used-for-treatment - Compound	DduftC	3	3
C<ioCduftD<soD	Compound > instance-of > Compound	CioC	1	3
C<ioCduftD<soD	Disease - drug-used-for-treatment - Compound	DduftC	2	3
C<ioCduftD<soD	Disease > subclass-of > Disease	DsoD	3	3
C<ioCduftDso>D	Compound > instance-of > Compound	CioC	1	3
C<ioCduftDso>D	Disease - drug-used-for-treatment - Compound	DduftC	2	3
C<ioCduftDso>D	Disease > subclass-of > Disease	DsoD	3	3
C<ioChp>CduftD	Compound > instance-of > Compound	CioC	1	3
C<ioChp>CduftD	Compound > has-part > Compound	ChpC	2	3
C<ioChp>CduftD	Disease - drug-used-for-treatment - Compound	DduftC	3	3
C<ioCio>CduftD	Compound > instance-of > Compound	CioC	1	3
C<ioCio>CduftD	Compound > instance-of > Compound	CioC	2	3
C<ioCio>CduftD	Disease - drug-used-for-treatment - Compound	DduftC	3	3
C<ioCsdiCduftD	Compound > instance-of > Compound	CioC	1	3
C<ioCsdiCduftD	Compound - significant-drug-interaction - Compound	CsdiC	2	3
C<ioCsdiCduftD	Disease - drug-used-for-treatment - Compound	DduftC	3	3
CduftD<soD<soD	Disease - drug-used-for-treatment - Compound	DduftC	1	3
CduftD<soD<soD	Disease > subclass-of > Disease	DsoD	2	3
CduftD<soD<soD	Disease > subclass-of > Disease	DsoD	3	3
CduftD<soDso>D	Disease - drug-used-for-treatment - Compound	DduftC	1	3
CduftD<soDso>D	Disease > subclass-of > Disease	DsoD	2	3
CduftD<soDso>D	Disease > subclass-of > Disease	DsoD	3	3
CduftDduftCduftD	Disease - drug-used-for-treatment - Compound	DduftC	1	3
CduftDduftCduftD	Disease - drug-used-for-treatment - Compound	DduftC	2	3
CduftDduftCduftD	Disease - drug-used-for-treatment - Compound	DduftC	3	3
CduftDgaGgaD	Disease - drug-used-for-treatment - Compound	DduftC	1	3
CduftDgaGgaD	Gene - genetic-association - Disease	GgaD	2	3
CduftDgaGgaD	Gene - genetic-association - Disease	GgaD	3	3
CduftDso>D<soD	Disease - drug-used-for-treatment - Compound	DduftC	1	3
CduftDso>D<soD	Disease > subclass-of > Disease	DsoD	2	3
CduftDso>D<soD	Disease > subclass-of > Disease	DsoD	3	3
CduftDso>Dso>D	Disease - drug-used-for-treatment - Compound	DduftC	1	3
CduftDso>Dso>D	Disease > subclass-of > Disease	DsoD	2	3
CduftDso>Dso>D	Disease > subclass-of > Disease	DsoD	3	3
Chp>C<hpCduftD	Compound > has-part > Compound	ChpC	1	3
Chp>C<hpCduftD	Compound > has-part > Compound	ChpC	2	3
Chp>C<hpCduftD	Disease - drug-used-for-treatment - Compound	DduftC	3	3
Chp>C<ioCduftD	Compound > has-part > Compound	ChpC	1	3
Chp>C<ioCduftD	Compound > instance-of > Compound	CioC	2	3
Chp>C<ioCduftD	Disease - drug-used-for-treatment - Compound	DduftC	3	3
Chp>CduftD<soD	Compound > has-part > Compound	ChpC	1	3
Chp>CduftD<soD	Disease - drug-used-for-treatment - Compound	DduftC	2	3
Chp>CduftD<soD	Disease > subclass-of > Disease	DsoD	3	3
Chp>CduftDso>D	Compound > has-part > Compound	ChpC	1	3
Chp>CduftDso>D	Disease - drug-used-for-treatment - Compound	DduftC	2	3
Chp>CduftDso>D	Disease > subclass-of > Disease	DsoD	3	3
Chp>Chp>CduftD	Compound > has-part > Compound	ChpC	1	3
Chp>Chp>CduftD	Compound > has-part > Compound	ChpC	2	3
Chp>Chp>CduftD	Disease - drug-used-for-treatment - Compound	DduftC	3	3
Chp>Cio>CduftD	Compound > has-part > Compound	ChpC	1	3
Chp>Cio>CduftD	Compound > instance-of > Compound	CioC	2	3
Chp>Cio>CduftD	Disease - drug-used-for-treatment - Compound	DduftC	3	3
Chp>CsdiCduftD	Compound > has-part > Compound	ChpC	1	3
Chp>CsdiCduftD	Compound - significant-drug-interaction - Compound	CsdiC	2	3
Chp>CsdiCduftD	Disease - drug-used-for-treatment - Compound	DduftC	3	3
Cio>C<hpCduftD	Compound > instance-of > Compound	CioC	1	3
Cio>C<hpCduftD	Compound > has-part > Compound	ChpC	2	3
Cio>C<hpCduftD	Disease - drug-used-for-treatment - Compound	DduftC	3	3
Cio>C<ioCduftD	Compound > instance-of > Compound	CioC	1	3
Cio>C<ioCduftD	Compound > instance-of > Compound	CioC	2	3
Cio>C<ioCduftD	Disease - drug-used-for-treatment - Compound	DduftC	3	3
Cio>CduftD<soD	Compound > instance-of > Compound	CioC	1	3
Cio>CduftD<soD	Disease - drug-used-for-treatment - Compound	DduftC	2	3
Cio>CduftD<soD	Disease > subclass-of > Disease	DsoD	3	3
Cio>CduftDso>D	Compound > instance-of > Compound	CioC	1	3
Cio>CduftDso>D	Disease - drug-used-for-treatment - Compound	DduftC	2	3
Cio>CduftDso>D	Disease > subclass-of > Disease	DsoD	3	3
Cio>Chp>CduftD	Compound > instance-of > Compound	CioC	1	3
Cio>Chp>CduftD	Compound > has-part > Compound	ChpC	2	3
Cio>Chp>CduftD	Disease - drug-used-for-treatment - Compound	DduftC	3	3
Cio>Cio>CduftD	Compound > instance-of > Compound	CioC	1	3
Cio>Cio>CduftD	Compound > instance-of > Compound	CioC	2	3
Cio>Cio>CduftD	Disease - drug-used-for-treatment - Compound	DduftC	3	3
Cio>CsdiCduftD	Compound > instance-of > Compound	CioC	1	3
Cio>CsdiCduftD	Compound - significant-drug-interaction - Compound	CsdiC	2	3
Cio>CsdiCduftD	Disease - drug-used-for-treatment - Compound	DduftC	3	3
CpiwPeGgaD	Protein - physically-interacts-with - Compound	PpiwC	1	3
CpiwPeGgaD	Gene - encodes - Protein	GeP	2	3
CpiwPeGgaD	Gene - genetic-association - Disease	GgaD	3	3
CpiwPpiwCduftD	Protein - physically-interacts-with - Compound	PpiwC	1	3
CpiwPpiwCduftD	Protein - physically-interacts-with - Compound	PpiwC	2	3
CpiwPpiwCduftD	Disease - drug-used-for-treatment - Compound	DduftC	3	3
CsdiC<hpCduftD	Compound - significant-drug-interaction - Compound	CsdiC	1	3
CsdiC<hpCduftD	Compound > has-part > Compound	ChpC	2	3
CsdiC<hpCduftD	Disease - drug-used-for-treatment - Compound	DduftC	3	3
CsdiC<ioCduftD	Compound - significant-drug-interaction - Compound	CsdiC	1	3
CsdiC<ioCduftD	Compound > instance-of > Compound	CioC	2	3
CsdiC<ioCduftD	Disease - drug-used-for-treatment - Compound	DduftC	3	3
CsdiCduftD<soD	Compound - significant-drug-interaction - Compound	CsdiC	1	3
CsdiCduftD<soD	Disease - drug-used-for-treatment - Compound	DduftC	2	3
CsdiCduftD<soD	Disease > subclass-of > Disease	DsoD	3	3
CsdiCduftDso>D	Compound - significant-drug-interaction - Compound	CsdiC	1	3
CsdiCduftDso>D	Disease - drug-used-for-treatment - Compound	DduftC	2	3
CsdiCduftDso>D	Disease > subclass-of > Disease	DsoD	3	3
CsdiChp>CduftD	Compound - significant-drug-interaction - Compound	CsdiC	1	3
CsdiChp>CduftD	Compound > has-part > Compound	ChpC	2	3
CsdiChp>CduftD	Disease - drug-used-for-treatment - Compound	DduftC	3	3
CsdiCio>CduftD	Compound - significant-drug-interaction - Compound	CsdiC	1	3
CsdiCio>CduftD	Compound > instance-of > Compound	CioC	2	3
CsdiCio>CduftD	Disease - drug-used-for-treatment - Compound	DduftC	3	3
CsdiCsdiCduftD	Compound - significant-drug-interaction - Compound	CsdiC	1	3
CsdiCsdiCduftD	Compound - significant-drug-interaction - Compound	CsdiC	2	3
CsdiCsdiCduftD	Disease - drug-used-for-treatment - Compound	DduftC	3	3
C<hpC<hpC<hpCduftD	Compound > has-part > Compound	ChpC	1	4
C<hpC<hpC<hpCduftD	Compound > has-part > Compound	ChpC	2	4
C<hpC<hpC<hpCduftD	Compound > has-part > Compound	ChpC	3	4
C<hpC<hpC<hpCduftD	Disease - drug-used-for-treatment - Compound	DduftC	4	4
C<hpC<hpC<ioCduftD	Compound > has-part > Compound	ChpC	1	4
C<hpC<hpC<ioCduftD	Compound > has-part > Compound	ChpC	2	4
C<hpC<hpC<ioCduftD	Compound > instance-of > Compound	CioC	3	4
C<hpC<hpC<ioCduftD	Disease - drug-used-for-treatment - Compound	DduftC	4	4
C<hpC<hpCduftD<soD	Compound > has-part > Compound	ChpC	1	4
C<hpC<hpCduftD<soD	Compound > has-part > Compound	ChpC	2	4
C<hpC<hpCduftD<soD	Disease - drug-used-for-treatment - Compound	DduftC	3	4
C<hpC<hpCduftD<soD	Disease > subclass-of > Disease	DsoD	4	4
C<hpC<hpCduftDso>D	Compound > has-part > Compound	ChpC	1	4
C<hpC<hpCduftDso>D	Compound > has-part > Compound	ChpC	2	4
C<hpC<hpCduftDso>D	Disease - drug-used-for-treatment - Compound	DduftC	3	4
C<hpC<hpCduftDso>D	Disease > subclass-of > Disease	DsoD	4	4
C<hpC<hpChp>CduftD	Compound > has-part > Compound	ChpC	1	4
C<hpC<hpChp>CduftD	Compound > has-part > Compound	ChpC	2	4
C<hpC<hpChp>CduftD	Compound > has-part > Compound	ChpC	3	4
C<hpC<hpChp>CduftD	Disease - drug-used-for-treatment - Compound	DduftC	4	4
C<hpC<hpCio>CduftD	Compound > has-part > Compound	ChpC	1	4
C<hpC<hpCio>CduftD	Compound > has-part > Compound	ChpC	2	4
C<hpC<hpCio>CduftD	Compound > instance-of > Compound	CioC	3	4
C<hpC<hpCio>CduftD	Disease - drug-used-for-treatment - Compound	DduftC	4	4
C<hpC<hpCsdiCduftD	Compound > has-part > Compound	ChpC	1	4
C<hpC<hpCsdiCduftD	Compound > has-part > Compound	ChpC	2	4
C<hpC<hpCsdiCduftD	Compound - significant-drug-interaction - Compound	CsdiC	3	4
C<hpC<hpCsdiCduftD	Disease - drug-used-for-treatment - Compound	DduftC	4	4
C<hpC<ioC<hpCduftD	Compound > has-part > Compound	ChpC	1	4
C<hpC<ioC<hpCduftD	Compound > instance-of > Compound	CioC	2	4
C<hpC<ioC<hpCduftD	Compound > has-part > Compound	ChpC	3	4
C<hpC<ioC<hpCduftD	Disease - drug-used-for-treatment - Compound	DduftC	4	4
C<hpC<ioC<ioCduftD	Compound > has-part > Compound	ChpC	1	4
C<hpC<ioC<ioCduftD	Compound > instance-of > Compound	CioC	2	4
C<hpC<ioC<ioCduftD	Compound > instance-of > Compound	CioC	3	4
C<hpC<ioC<ioCduftD	Disease - drug-used-for-treatment - Compound	DduftC	4	4
C<hpC<ioCduftD<soD	Compound > has-part > Compound	ChpC	1	4
C<hpC<ioCduftD<soD	Compound > instance-of > Compound	CioC	2	4
C<hpC<ioCduftD<soD	Disease - drug-used-for-treatment - Compound	DduftC	3	4
C<hpC<ioCduftD<soD	Disease > subclass-of > Disease	DsoD	4	4
C<hpC<ioCduftDso>D	Compound > has-part > Compound	ChpC	1	4
C<hpC<ioCduftDso>D	Compound > instance-of > Compound	CioC	2	4
C<hpC<ioCduftDso>D	Disease - drug-used-for-treatment - Compound	DduftC	3	4
C<hpC<ioCduftDso>D	Disease > subclass-of > Disease	DsoD	4	4
C<hpC<ioChp>CduftD	Compound > has-part > Compound	ChpC	1	4
C<hpC<ioChp>CduftD	Compound > instance-of > Compound	CioC	2	4
C<hpC<ioChp>CduftD	Compound > has-part > Compound	ChpC	3	4
C<hpC<ioChp>CduftD	Disease - drug-used-for-treatment - Compound	DduftC	4	4
C<hpC<ioCio>CduftD	Compound > has-part > Compound	ChpC	1	4
C<hpC<ioCio>CduftD	Compound > instance-of > Compound	CioC	2	4
C<hpC<ioCio>CduftD	Compound > instance-of > Compound	CioC	3	4
C<hpC<ioCio>CduftD	Disease - drug-used-for-treatment - Compound	DduftC	4	4
C<hpC<ioCsdiCduftD	Compound > has-part > Compound	ChpC	1	4
C<hpC<ioCsdiCduftD	Compound > instance-of > Compound	CioC	2	4
C<hpC<ioCsdiCduftD	Compound - significant-drug-interaction - Compound	CsdiC	3	4
C<hpC<ioCsdiCduftD	Disease - drug-used-for-treatment - Compound	DduftC	4	4
C<hpCduftD<soD<soD	Compound > has-part > Compound	ChpC	1	4
C<hpCduftD<soD<soD	Disease - drug-used-for-treatment - Compound	DduftC	2	4
C<hpCduftD<soD<soD	Disease > subclass-of > Disease	DsoD	3	4
C<hpCduftD<soD<soD	Disease > subclass-of > Disease	DsoD	4	4
C<hpCduftD<soDso>D	Compound > has-part > Compound	ChpC	1	4
C<hpCduftD<soDso>D	Disease - drug-used-for-treatment - Compound	DduftC	2	4
C<hpCduftD<soDso>D	Disease > subclass-of > Disease	DsoD	3	4
C<hpCduftD<soDso>D	Disease > subclass-of > Disease	DsoD	4	4
C<hpCduftDduftCduftD	Compound > has-part > Compound	ChpC	1	4
C<hpCduftDduftCduftD	Disease - drug-used-for-treatment - Compound	DduftC	2	4
C<hpCduftDduftCduftD	Disease - drug-used-for-treatment - Compound	DduftC	3	4
C<hpCduftDduftCduftD	Disease - drug-used-for-treatment - Compound	DduftC	4	4
C<hpCduftDgaGgaD	Compound > has-part > Compound	ChpC	1	4
C<hpCduftDgaGgaD	Disease - drug-used-for-treatment - Compound	DduftC	2	4
C<hpCduftDgaGgaD	Gene - genetic-association - Disease	GgaD	3	4
C<hpCduftDgaGgaD	Gene - genetic-association - Disease	GgaD	4	4
C<hpCduftDso>D<soD	Compound > has-part > Compound	ChpC	1	4
C<hpCduftDso>D<soD	Disease - drug-used-for-treatment - Compound	DduftC	2	4
C<hpCduftDso>D<soD	Disease > subclass-of > Disease	DsoD	3	4
C<hpCduftDso>D<soD	Disease > subclass-of > Disease	DsoD	4	4
C<hpCduftDso>Dso>D	Compound > has-part > Compound	ChpC	1	4
C<hpCduftDso>Dso>D	Disease - drug-used-for-treatment - Compound	DduftC	2	4
C<hpCduftDso>Dso>D	Disease > subclass-of > Disease	DsoD	3	4
C<hpCduftDso>Dso>D	Disease > subclass-of > Disease	DsoD	4	4
C<hpChp>C<hpCduftD	Compound > has-part > Compound	ChpC	1	4
C<hpChp>C<hpCduftD	Compound > has-part > Compound	ChpC	2	4
C<hpChp>C<hpCduftD	Compound > has-part > Compound	ChpC	3	4
C<hpChp>C<hpCduftD	Disease - drug-used-for-treatment - Compound	DduftC	4	4
C<hpChp>C<ioCduftD	Compound > has-part > Compound	ChpC	1	4
C<hpChp>C<ioCduftD	Compound > has-part > Compound	ChpC	2	4
C<hpChp>C<ioCduftD	Compound > instance-of > Compound	CioC	3	4
C<hpChp>C<ioCduftD	Disease - drug-used-for-treatment - Compound	DduftC	4	4
C<hpChp>CduftD<soD	Compound > has-part > Compound	ChpC	1	4
C<hpChp>CduftD<soD	Compound > has-part > Compound	ChpC	2	4
C<hpChp>CduftD<soD	Disease - drug-used-for-treatment - Compound	DduftC	3	4
C<hpChp>CduftD<soD	Disease > subclass-of > Disease	DsoD	4	4
C<hpChp>CduftDso>D	Compound > has-part > Compound	ChpC	1	4
C<hpChp>CduftDso>D	Compound > has-part > Compound	ChpC	2	4
C<hpChp>CduftDso>D	Disease - drug-used-for-treatment - Compound	DduftC	3	4
C<hpChp>CduftDso>D	Disease > subclass-of > Disease	DsoD	4	4
C<hpChp>Chp>CduftD	Compound > has-part > Compound	ChpC	1	4
C<hpChp>Chp>CduftD	Compound > has-part > Compound	ChpC	2	4
C<hpChp>Chp>CduftD	Compound > has-part > Compound	ChpC	3	4
C<hpChp>Chp>CduftD	Disease - drug-used-for-treatment - Compound	DduftC	4	4
C<hpChp>Cio>CduftD	Compound > has-part > Compound	ChpC	1	4
C<hpChp>Cio>CduftD	Compound > has-part > Compound	ChpC	2	4
C<hpChp>Cio>CduftD	Compound > instance-of > Compound	CioC	3	4
C<hpChp>Cio>CduftD	Disease - drug-used-for-treatment - Compound	DduftC	4	4
C<hpChp>CsdiCduftD	Compound > has-part > Compound	ChpC	1	4
C<hpChp>CsdiCduftD	Compound > has-part > Compound	ChpC	2	4
C<hpChp>CsdiCduftD	Compound - significant-drug-interaction - Compound	CsdiC	3	4
C<hpChp>CsdiCduftD	Disease - drug-used-for-treatment - Compound	DduftC	4	4
C<hpCio>C<hpCduftD	Compound > has-part > Compound	ChpC	1	4
C<hpCio>C<hpCduftD	Compound > instance-of > Compound	CioC	2	4
C<hpCio>C<hpCduftD	Compound > has-part > Compound	ChpC	3	4
C<hpCio>C<hpCduftD	Disease - drug-used-for-treatment - Compound	DduftC	4	4
C<hpCio>C<ioCduftD	Compound > has-part > Compound	ChpC	1	4
C<hpCio>C<ioCduftD	Compound > instance-of > Compound	CioC	2	4
C<hpCio>C<ioCduftD	Compound > instance-of > Compound	CioC	3	4
C<hpCio>C<ioCduftD	Disease - drug-used-for-treatment - Compound	DduftC	4	4
C<hpCio>CduftD<soD	Compound > has-part > Compound	ChpC	1	4
C<hpCio>CduftD<soD	Compound > instance-of > Compound	CioC	2	4
C<hpCio>CduftD<soD	Disease - drug-used-for-treatment - Compound	DduftC	3	4
C<hpCio>CduftD<soD	Disease > subclass-of > Disease	DsoD	4	4
C<hpCio>CduftDso>D	Compound > has-part > Compound	ChpC	1	4
C<hpCio>CduftDso>D	Compound > instance-of > Compound	CioC	2	4
C<hpCio>CduftDso>D	Disease - drug-used-for-treatment - Compound	DduftC	3	4
C<hpCio>CduftDso>D	Disease > subclass-of > Disease	DsoD	4	4
C<hpCio>Chp>CduftD	Compound > has-part > Compound	ChpC	1	4
C<hpCio>Chp>CduftD	Compound > instance-of > Compound	CioC	2	4
C<hpCio>Chp>CduftD	Compound > has-part > Compound	ChpC	3	4
C<hpCio>Chp>CduftD	Disease - drug-used-for-treatment - Compound	DduftC	4	4
C<hpCio>Cio>CduftD	Compound > has-part > Compound	ChpC	1	4
C<hpCio>Cio>CduftD	Compound > instance-of > Compound	CioC	2	4
C<hpCio>Cio>CduftD	Compound > instance-of > Compound	CioC	3	4
C<hpCio>Cio>CduftD	Disease - drug-used-for-treatment - Compound	DduftC	4	4
C<hpCio>CsdiCduftD	Compound > has-part > Compound	ChpC	1	4
C<hpCio>CsdiCduftD	Compound > instance-of > Compound	CioC	2	4
C<hpCio>CsdiCduftD	Compound - significant-drug-interaction - Compound	CsdiC	3	4
C<hpCio>CsdiCduftD	Disease - drug-used-for-treatment - Compound	DduftC	4	4
C<hpCpiwPeGgaD	Compound > has-part > Compound	ChpC	1	4
C<hpCpiwPeGgaD	Protein - physically-interacts-with - Compound	PpiwC	2	4
C<hpCpiwPeGgaD	Gene - encodes - Protein	GeP	3	4
C<hpCpiwPeGgaD	Gene - genetic-association - Disease	GgaD	4	4
C<hpCpiwPpiwCduftD	Compound > has-part > Compound	ChpC	1	4
C<hpCpiwPpiwCduftD	Protein - physically-interacts-with - Compound	PpiwC	2	4
C<hpCpiwPpiwCduftD	Protein - physically-interacts-with - Compound	PpiwC	3	4
C<hpCpiwPpiwCduftD	Disease - drug-used-for-treatment - Compound	DduftC	4	4
C<hpCsdiC<hpCduftD	Compound > has-part > Compound	ChpC	1	4
C<hpCsdiC<hpCduftD	Compound - significant-drug-interaction - Compound	CsdiC	2	4
C<hpCsdiC<hpCduftD	Compound > has-part > Compound	ChpC	3	4
C<hpCsdiC<hpCduftD	Disease - drug-used-for-treatment - Compound	DduftC	4	4
C<hpCsdiC<ioCduftD	Compound > has-part > Compound	ChpC	1	4
C<hpCsdiC<ioCduftD	Compound - significant-drug-interaction - Compound	CsdiC	2	4
C<hpCsdiC<ioCduftD	Compound > instance-of > Compound	CioC	3	4
C<hpCsdiC<ioCduftD	Disease - drug-used-for-treatment - Compound	DduftC	4	4
C<hpCsdiCduftD<soD	Compound > has-part > Compound	ChpC	1	4
C<hpCsdiCduftD<soD	Compound - significant-drug-interaction - Compound	CsdiC	2	4
C<hpCsdiCduftD<soD	Disease - drug-used-for-treatment - Compound	DduftC	3	4
C<hpCsdiCduftD<soD	Disease > subclass-of > Disease	DsoD	4	4
C<hpCsdiCduftDso>D	Compound > has-part > Compound	ChpC	1	4
C<hpCsdiCduftDso>D	Compound - significant-drug-interaction - Compound	CsdiC	2	4
C<hpCsdiCduftDso>D	Disease - drug-used-for-treatment - Compound	DduftC	3	4
C<hpCsdiCduftDso>D	Disease > subclass-of > Disease	DsoD	4	4
C<hpCsdiChp>CduftD	Compound > has-part > Compound	ChpC	1	4
C<hpCsdiChp>CduftD	Compound - significant-drug-interaction - Compound	CsdiC	2	4
C<hpCsdiChp>CduftD	Compound > has-part > Compound	ChpC	3	4
C<hpCsdiChp>CduftD	Disease - drug-used-for-treatment - Compound	DduftC	4	4
C<hpCsdiCio>CduftD	Compound > has-part > Compound	ChpC	1	4
C<hpCsdiCio>CduftD	Compound - significant-drug-interaction - Compound	CsdiC	2	4
C<hpCsdiCio>CduftD	Compound > instance-of > Compound	CioC	3	4
C<hpCsdiCio>CduftD	Disease - drug-used-for-treatment - Compound	DduftC	4	4
C<hpCsdiCsdiCduftD	Compound > has-part > Compound	ChpC	1	4
C<hpCsdiCsdiCduftD	Compound - significant-drug-interaction - Compound	CsdiC	2	4
C<hpCsdiCsdiCduftD	Compound - significant-drug-interaction - Compound	CsdiC	3	4
C<hpCsdiCsdiCduftD	Disease - drug-used-for-treatment - Compound	DduftC	4	4
C<ioC<hpC<hpCduftD	Compound > instance-of > Compound	CioC	1	4
C<ioC<hpC<hpCduftD	Compound > has-part > Compound	ChpC	2	4
C<ioC<hpC<hpCduftD	Compound > has-part > Compound	ChpC	3	4
C<ioC<hpC<hpCduftD	Disease - drug-used-for-treatment - Compound	DduftC	4	4
C<ioC<hpC<ioCduftD	Compound > instance-of > Compound	CioC	1	4
C<ioC<hpC<ioCduftD	Compound > has-part > Compound	ChpC	2	4
C<ioC<hpC<ioCduftD	Compound > instance-of > Compound	CioC	3	4
C<ioC<hpC<ioCduftD	Disease - drug-used-for-treatment - Compound	DduftC	4	4
C<ioC<hpCduftD<soD	Compound > instance-of > Compound	CioC	1	4
C<ioC<hpCduftD<soD	Compound > has-part > Compound	ChpC	2	4
C<ioC<hpCduftD<soD	Disease - drug-used-for-treatment - Compound	DduftC	3	4
C<ioC<hpCduftD<soD	Disease > subclass-of > Disease	DsoD	4	4
C<ioC<hpCduftDso>D	Compound > instance-of > Compound	CioC	1	4
C<ioC<hpCduftDso>D	Compound > has-part > Compound	ChpC	2	4
C<ioC<hpCduftDso>D	Disease - drug-used-for-treatment - Compound	DduftC	3	4
C<ioC<hpCduftDso>D	Disease > subclass-of > Disease	DsoD	4	4
C<ioC<hpChp>CduftD	Compound > instance-of > Compound	CioC	1	4
C<ioC<hpChp>CduftD	Compound > has-part > Compound	ChpC	2	4
C<ioC<hpChp>CduftD	Compound > has-part > Compound	ChpC	3	4
C<ioC<hpChp>CduftD	Disease - drug-used-for-treatment - Compound	DduftC	4	4
C<ioC<hpCio>CduftD	Compound > instance-of > Compound	CioC	1	4
C<ioC<hpCio>CduftD	Compound > has-part > Compound	ChpC	2	4
C<ioC<hpCio>CduftD	Compound > instance-of > Compound	CioC	3	4
C<ioC<hpCio>CduftD	Disease - drug-used-for-treatment - Compound	DduftC	4	4
C<ioC<hpCsdiCduftD	Compound > instance-of > Compound	CioC	1	4
C<ioC<hpCsdiCduftD	Compound > has-part > Compound	ChpC	2	4
C<ioC<hpCsdiCduftD	Compound - significant-drug-interaction - Compound	CsdiC	3	4
C<ioC<hpCsdiCduftD	Disease - drug-used-for-treatment - Compound	DduftC	4	4
C<ioC<ioC<hpCduftD	Compound > instance-of > Compound	CioC	1	4
C<ioC<ioC<hpCduftD	Compound > instance-of > Compound	CioC	2	4
C<ioC<ioC<hpCduftD	Compound > has-part > Compound	ChpC	3	4
C<ioC<ioC<hpCduftD	Disease - drug-used-for-treatment - Compound	DduftC	4	4
C<ioC<ioC<ioCduftD	Compound > instance-of > Compound	CioC	1	4
C<ioC<ioC<ioCduftD	Compound > instance-of > Compound	CioC	2	4
C<ioC<ioC<ioCduftD	Compound > instance-of > Compound	CioC	3	4
C<ioC<ioC<ioCduftD	Disease - drug-used-for-treatment - Compound	DduftC	4	4
C<ioC<ioCduftD<soD	Compound > instance-of > Compound	CioC	1	4
C<ioC<ioCduftD<soD	Compound > instance-of > Compound	CioC	2	4
C<ioC<ioCduftD<soD	Disease - drug-used-for-treatment - Compound	DduftC	3	4
C<ioC<ioCduftD<soD	Disease > subclass-of > Disease	DsoD	4	4
C<ioC<ioCduftDso>D	Compound > instance-of > Compound	CioC	1	4
C<ioC<ioCduftDso>D	Compound > instance-of > Compound	CioC	2	4
C<ioC<ioCduftDso>D	Disease - drug-used-for-treatment - Compound	DduftC	3	4
C<ioC<ioCduftDso>D	Disease > subclass-of > Disease	DsoD	4	4
C<ioC<ioChp>CduftD	Compound > instance-of > Compound	CioC	1	4
C<ioC<ioChp>CduftD	Compound > instance-of > Compound	CioC	2	4
C<ioC<ioChp>CduftD	Compound > has-part > Compound	ChpC	3	4
C<ioC<ioChp>CduftD	Disease - drug-used-for-treatment - Compound	DduftC	4	4
C<ioC<ioCio>CduftD	Compound > instance-of > Compound	CioC	1	4
C<ioC<ioCio>CduftD	Compound > instance-of > Compound	CioC	2	4
C<ioC<ioCio>CduftD	Compound > instance-of > Compound	CioC	3	4
C<ioC<ioCio>CduftD	Disease - drug-used-for-treatment - Compound	DduftC	4	4
C<ioC<ioCsdiCduftD	Compound > instance-of > Compound	CioC	1	4
C<ioC<ioCsdiCduftD	Compound > instance-of > Compound	CioC	2	4
C<ioC<ioCsdiCduftD	Compound - significant-drug-interaction - Compound	CsdiC	3	4
C<ioC<ioCsdiCduftD	Disease - drug-used-for-treatment - Compound	DduftC	4	4
C<ioCduftD<soD<soD	Compound > instance-of > Compound	CioC	1	4
C<ioCduftD<soD<soD	Disease - drug-used-for-treatment - Compound	DduftC	2	4
C<ioCduftD<soD<soD	Disease > subclass-of > Disease	DsoD	3	4
C<ioCduftD<soD<soD	Disease > subclass-of > Disease	DsoD	4	4
C<ioCduftD<soDso>D	Compound > instance-of > Compound	CioC	1	4
C<ioCduftD<soDso>D	Disease - drug-used-for-treatment - Compound	DduftC	2	4
C<ioCduftD<soDso>D	Disease > subclass-of > Disease	DsoD	3	4
C<ioCduftD<soDso>D	Disease > subclass-of > Disease	DsoD	4	4
C<ioCduftDduftCduftD	Compound > instance-of > Compound	CioC	1	4
C<ioCduftDduftCduftD	Disease - drug-used-for-treatment - Compound	DduftC	2	4
C<ioCduftDduftCduftD	Disease - drug-used-for-treatment - Compound	DduftC	3	4
C<ioCduftDduftCduftD	Disease - drug-used-for-treatment - Compound	DduftC	4	4
C<ioCduftDgaGgaD	Compound > instance-of > Compound	CioC	1	4
C<ioCduftDgaGgaD	Disease - drug-used-for-treatment - Compound	DduftC	2	4
C<ioCduftDgaGgaD	Gene - genetic-association - Disease	GgaD	3	4
C<ioCduftDgaGgaD	Gene - genetic-association - Disease	GgaD	4	4
C<ioCduftDso>D<soD	Compound > instance-of > Compound	CioC	1	4
C<ioCduftDso>D<soD	Disease - drug-used-for-treatment - Compound	DduftC	2	4
C<ioCduftDso>D<soD	Disease > subclass-of > Disease	DsoD	3	4
C<ioCduftDso>D<soD	Disease > subclass-of > Disease	DsoD	4	4
C<ioCduftDso>Dso>D	Compound > instance-of > Compound	CioC	1	4
C<ioCduftDso>Dso>D	Disease - drug-used-for-treatment - Compound	DduftC	2	4
C<ioCduftDso>Dso>D	Disease > subclass-of > Disease	DsoD	3	4
C<ioCduftDso>Dso>D	Disease > subclass-of > Disease	DsoD	4	4
C<ioChp>C<hpCduftD	Compound > instance-of > Compound	CioC	1	4
C<ioChp>C<hpCduftD	Compound > has-part > Compound	ChpC	2	4
C<ioChp>C<hpCduftD	Compound > has-part > Compound	ChpC	3	4
C<ioChp>C<hpCduftD	Disease - drug-used-for-treatment - Compound	DduftC	4	4
C<ioChp>C<ioCduftD	Compound > instance-of > Compound	CioC	1	4
C<ioChp>C<ioCduftD	Compound > has-part > Compound	ChpC	2	4
C<ioChp>C<ioCduftD	Compound > instance-of > Compound	CioC	3	4
C<ioChp>C<ioCduftD	Disease - drug-used-for-treatment - Compound	DduftC	4	4
C<ioChp>CduftD<soD	Compound > instance-of > Compound	CioC	1	4
C<ioChp>CduftD<soD	Compound > has-part > Compound	ChpC	2	4
C<ioChp>CduftD<soD	Disease - drug-used-for-treatment - Compound	DduftC	3	4
C<ioChp>CduftD<soD	Disease > subclass-of > Disease	DsoD	4	4
C<ioChp>CduftDso>D	Compound > instance-of > Compound	CioC	1	4
C<ioChp>CduftDso>D	Compound > has-part > Compound	ChpC	2	4
C<ioChp>CduftDso>D	Disease - drug-used-for-treatment - Compound	DduftC	3	4
C<ioChp>CduftDso>D	Disease > subclass-of > Disease	DsoD	4	4
C<ioChp>Chp>CduftD	Compound > instance-of > Compound	CioC	1	4
C<ioChp>Chp>CduftD	Compound > has-part > Compound	ChpC	2	4
C<ioChp>Chp>CduftD	Compound > has-part > Compound	ChpC	3	4
C<ioChp>Chp>CduftD	Disease - drug-used-for-treatment - Compound	DduftC	4	4
C<ioChp>Cio>CduftD	Compound > instance-of > Compound	CioC	1	4
C<ioChp>Cio>CduftD	Compound > has-part > Compound	ChpC	2	4
C<ioChp>Cio>CduftD	Compound > instance-of > Compound	CioC	3	4
C<ioChp>Cio>CduftD	Disease - drug-used-for-treatment - Compound	DduftC	4	4
C<ioChp>CsdiCduftD	Compound > instance-of > Compound	CioC	1	4
C<ioChp>CsdiCduftD	Compound > has-part > Compound	ChpC	2	4
C<ioChp>CsdiCduftD	Compound - significant-drug-interaction - Compound	CsdiC	3	4
C<ioChp>CsdiCduftD	Disease - drug-used-for-treatment - Compound	DduftC	4	4
C<ioCio>C<hpCduftD	Compound > instance-of > Compound	CioC	1	4
C<ioCio>C<hpCduftD	Compound > instance-of > Compound	CioC	2	4
C<ioCio>C<hpCduftD	Compound > has-part > Compound	ChpC	3	4
C<ioCio>C<hpCduftD	Disease - drug-used-for-treatment - Compound	DduftC	4	4
C<ioCio>C<ioCduftD	Compound > instance-of > Compound	CioC	1	4
C<ioCio>C<ioCduftD	Compound > instance-of > Compound	CioC	2	4
C<ioCio>C<ioCduftD	Compound > instance-of > Compound	CioC	3	4
C<ioCio>C<ioCduftD	Disease - drug-used-for-treatment - Compound	DduftC	4	4
C<ioCio>CduftD<soD	Compound > instance-of > Compound	CioC	1	4
C<ioCio>CduftD<soD	Compound > instance-of > Compound	CioC	2	4
C<ioCio>CduftD<soD	Disease - drug-used-for-treatment - Compound	DduftC	3	4
C<ioCio>CduftD<soD	Disease > subclass-of > Disease	DsoD	4	4
C<ioCio>CduftDso>D	Compound > instance-of > Compound	CioC	1	4
C<ioCio>CduftDso>D	Compound > instance-of > Compound	CioC	2	4
C<ioCio>CduftDso>D	Disease - drug-used-for-treatment - Compound	DduftC	3	4
C<ioCio>CduftDso>D	Disease > subclass-of > Disease	DsoD	4	4
C<ioCio>Chp>CduftD	Compound > instance-of > Compound	CioC	1	4
C<ioCio>Chp>CduftD	Compound > instance-of > Compound	CioC	2	4
C<ioCio>Chp>CduftD	Compound > has-part > Compound	ChpC	3	4
C<ioCio>Chp>CduftD	Disease - drug-used-for-treatment - Compound	DduftC	4	4
C<ioCio>Cio>CduftD	Compound > instance-of > Compound	CioC	1	4
C<ioCio>Cio>CduftD	Compound > instance-of > Compound	CioC	2	4
C<ioCio>Cio>CduftD	Compound > instance-of > Compound	CioC	3	4
C<ioCio>Cio>CduftD	Disease - drug-used-for-treatment - Compound	DduftC	4	4
C<ioCio>CsdiCduftD	Compound > instance-of > Compound	CioC	1	4
C<ioCio>CsdiCduftD	Compound > instance-of > Compound	CioC	2	4
C<ioCio>CsdiCduftD	Compound - significant-drug-interaction - Compound	CsdiC	3	4
C<ioCio>CsdiCduftD	Disease - drug-used-for-treatment - Compound	DduftC	4	4
C<ioCpiwPeGgaD	Compound > instance-of > Compound	CioC	1	4
C<ioCpiwPeGgaD	Protein - physically-interacts-with - Compound	PpiwC	2	4
C<ioCpiwPeGgaD	Gene - encodes - Protein	GeP	3	4
C<ioCpiwPeGgaD	Gene - genetic-association - Disease	GgaD	4	4
C<ioCpiwPpiwCduftD	Compound > instance-of > Compound	CioC	1	4
C<ioCpiwPpiwCduftD	Protein - physically-interacts-with - Compound	PpiwC	2	4
C<ioCpiwPpiwCduftD	Protein - physically-interacts-with - Compound	PpiwC	3	4
C<ioCpiwPpiwCduftD	Disease - drug-used-for-treatment - Compound	DduftC	4	4
C<ioCsdiC<hpCduftD	Compound > instance-of > Compound	CioC	1	4
C<ioCsdiC<hpCduftD	Compound - significant-drug-interaction - Compound	CsdiC	2	4
C<ioCsdiC<hpCduftD	Compound > has-part > Compound	ChpC	3	4
C<ioCsdiC<hpCduftD	Disease - drug-used-for-treatment - Compound	DduftC	4	4
C<ioCsdiC<ioCduftD	Compound > instance-of > Compound	CioC	1	4
C<ioCsdiC<ioCduftD	Compound - significant-drug-interaction - Compound	CsdiC	2	4
C<ioCsdiC<ioCduftD	Compound > instance-of > Compound	CioC	3	4
C<ioCsdiC<ioCduftD	Disease - drug-used-for-treatment - Compound	DduftC	4	4
C<ioCsdiCduftD<soD	Compound > instance-of > Compound	CioC	1	4
C<ioCsdiCduftD<soD	Compound - significant-drug-interaction - Compound	CsdiC	2	4
C<ioCsdiCduftD<soD	Disease - drug-used-for-treatment - Compound	DduftC	3	4
C<ioCsdiCduftD<soD	Disease > subclass-of > Disease	DsoD	4	4
C<ioCsdiCduftDso>D	Compound > instance-of > Compound	CioC	1	4
C<ioCsdiCduftDso>D	Compound - significant-drug-interaction - Compound	CsdiC	2	4
C<ioCsdiCduftDso>D	Disease - drug-used-for-treatment - Compound	DduftC	3	4
C<ioCsdiCduftDso>D	Disease > subclass-of > Disease	DsoD	4	4
C<ioCsdiChp>CduftD	Compound > instance-of > Compound	CioC	1	4
C<ioCsdiChp>CduftD	Compound - significant-drug-interaction - Compound	CsdiC	2	4
C<ioCsdiChp>CduftD	Compound > has-part > Compound	ChpC	3	4
C<ioCsdiChp>CduftD	Disease - drug-used-for-treatment - Compound	DduftC	4	4
C<ioCsdiCio>CduftD	Compound > instance-of > Compound	CioC	1	4
C<ioCsdiCio>CduftD	Compound - significant-drug-interaction - Compound	CsdiC	2	4
C<ioCsdiCio>CduftD	Compound > instance-of > Compound	CioC	3	4
C<ioCsdiCio>CduftD	Disease - drug-used-for-treatment - Compound	DduftC	4	4
C<ioCsdiCsdiCduftD	Compound > instance-of > Compound	CioC	1	4
C<ioCsdiCsdiCduftD	Compound - significant-drug-interaction - Compound	CsdiC	2	4
C<ioCsdiCsdiCduftD	Compound - significant-drug-interaction - Compound	CsdiC	3	4
C<ioCsdiCsdiCduftD	Disease - drug-used-for-treatment - Compound	DduftC	4	4
CduftD<soD<soD<soD	Disease - drug-used-for-treatment - Compound	DduftC	1	4
CduftD<soD<soD<soD	Disease > subclass-of > Disease	DsoD	2	4
CduftD<soD<soD<soD	Disease > subclass-of > Disease	DsoD	3	4
CduftD<soD<soD<soD	Disease > subclass-of > Disease	DsoD	4	4
CduftD<soD<soDso>D	Disease - drug-used-for-treatment - Compound	DduftC	1	4
CduftD<soD<soDso>D	Disease > subclass-of > Disease	DsoD	2	4
CduftD<soD<soDso>D	Disease > subclass-of > Disease	DsoD	3	4
CduftD<soD<soDso>D	Disease > subclass-of > Disease	DsoD	4	4
CduftD<soDduftCduftD	Disease - drug-used-for-treatment - Compound	DduftC	1	4
CduftD<soDduftCduftD	Disease > subclass-of > Disease	DsoD	2	4
CduftD<soDduftCduftD	Disease - drug-used-for-treatment - Compound	DduftC	3	4
CduftD<soDduftCduftD	Disease - drug-used-for-treatment - Compound	DduftC	4	4
CduftD<soDgaGgaD	Disease - drug-used-for-treatment - Compound	DduftC	1	4
CduftD<soDgaGgaD	Disease > subclass-of > Disease	DsoD	2	4
CduftD<soDgaGgaD	Gene - genetic-association - Disease	GgaD	3	4
CduftD<soDgaGgaD	Gene - genetic-association - Disease	GgaD	4	4
CduftD<soDso>D<soD	Disease - drug-used-for-treatment - Compound	DduftC	1	4
CduftD<soDso>D<soD	Disease > subclass-of > Disease	DsoD	2	4
CduftD<soDso>D<soD	Disease > subclass-of > Disease	DsoD	3	4
CduftD<soDso>D<soD	Disease > subclass-of > Disease	DsoD	4	4
CduftD<soDso>Dso>D	Disease - drug-used-for-treatment - Compound	DduftC	1	4
CduftD<soDso>Dso>D	Disease > subclass-of > Disease	DsoD	2	4
CduftD<soDso>Dso>D	Disease > subclass-of > Disease	DsoD	3	4
CduftD<soDso>Dso>D	Disease > subclass-of > Disease	DsoD	4	4
CduftDduftC<hpCduftD	Disease - drug-used-for-treatment - Compound	DduftC	1	4
CduftDduftC<hpCduftD	Disease - drug-used-for-treatment - Compound	DduftC	2	4
CduftDduftC<hpCduftD	Compound > has-part > Compound	ChpC	3	4
CduftDduftC<hpCduftD	Disease - drug-used-for-treatment - Compound	DduftC	4	4
CduftDduftC<ioCduftD	Disease - drug-used-for-treatment - Compound	DduftC	1	4
CduftDduftC<ioCduftD	Disease - drug-used-for-treatment - Compound	DduftC	2	4
CduftDduftC<ioCduftD	Compound > instance-of > Compound	CioC	3	4
CduftDduftC<ioCduftD	Disease - drug-used-for-treatment - Compound	DduftC	4	4
CduftDduftCduftD<soD	Disease - drug-used-for-treatment - Compound	DduftC	1	4
CduftDduftCduftD<soD	Disease - drug-used-for-treatment - Compound	DduftC	2	4
CduftDduftCduftD<soD	Disease - drug-used-for-treatment - Compound	DduftC	3	4
CduftDduftCduftD<soD	Disease > subclass-of > Disease	DsoD	4	4
CduftDduftCduftDso>D	Disease - drug-used-for-treatment - Compound	DduftC	1	4
CduftDduftCduftDso>D	Disease - drug-used-for-treatment - Compound	DduftC	2	4
CduftDduftCduftDso>D	Disease - drug-used-for-treatment - Compound	DduftC	3	4
CduftDduftCduftDso>D	Disease > subclass-of > Disease	DsoD	4	4
CduftDduftChp>CduftD	Disease - drug-used-for-treatment - Compound	DduftC	1	4
CduftDduftChp>CduftD	Disease - drug-used-for-treatment - Compound	DduftC	2	4
CduftDduftChp>CduftD	Compound > has-part > Compound	ChpC	3	4
CduftDduftChp>CduftD	Disease - drug-used-for-treatment - Compound	DduftC	4	4
CduftDduftCio>CduftD	Disease - drug-used-for-treatment - Compound	DduftC	1	4
CduftDduftCio>CduftD	Disease - drug-used-for-treatment - Compound	DduftC	2	4
CduftDduftCio>CduftD	Compound > instance-of > Compound	CioC	3	4
CduftDduftCio>CduftD	Disease - drug-used-for-treatment - Compound	DduftC	4	4
CduftDduftCsdiCduftD	Disease - drug-used-for-treatment - Compound	DduftC	1	4
CduftDduftCsdiCduftD	Disease - drug-used-for-treatment - Compound	DduftC	2	4
CduftDduftCsdiCduftD	Compound - significant-drug-interaction - Compound	CsdiC	3	4
CduftDduftCsdiCduftD	Disease - drug-used-for-treatment - Compound	DduftC	4	4
CduftDgaGgaD<soD	Disease - drug-used-for-treatment - Compound	DduftC	1	4
CduftDgaGgaD<soD	Gene - genetic-association - Disease	GgaD	2	4
CduftDgaGgaD<soD	Gene - genetic-association - Disease	GgaD	3	4
CduftDgaGgaD<soD	Disease > subclass-of > Disease	DsoD	4	4
CduftDgaGgaDso>D	Disease - drug-used-for-treatment - Compound	DduftC	1	4
CduftDgaGgaDso>D	Gene - genetic-association - Disease	GgaD	2	4
CduftDgaGgaDso>D	Gene - genetic-association - Disease	GgaD	3	4
CduftDgaGgaDso>D	Disease > subclass-of > Disease	DsoD	4	4
CduftDso>D<soD<soD	Disease - drug-used-for-treatment - Compound	DduftC	1	4
CduftDso>D<soD<soD	Disease > subclass-of > Disease	DsoD	2	4
CduftDso>D<soD<soD	Disease > subclass-of > Disease	DsoD	3	4
CduftDso>D<soD<soD	Disease > subclass-of > Disease	DsoD	4	4
CduftDso>D<soDso>D	Disease - drug-used-for-treatment - Compound	DduftC	1	4
CduftDso>D<soDso>D	Disease > subclass-of > Disease	DsoD	2	4
CduftDso>D<soDso>D	Disease > subclass-of > Disease	DsoD	3	4
CduftDso>D<soDso>D	Disease > subclass-of > Disease	DsoD	4	4
CduftDso>DduftCduftD	Disease - drug-used-for-treatment - Compound	DduftC	1	4
CduftDso>DduftCduftD	Disease > subclass-of > Disease	DsoD	2	4
CduftDso>DduftCduftD	Disease - drug-used-for-treatment - Compound	DduftC	3	4
CduftDso>DduftCduftD	Disease - drug-used-for-treatment - Compound	DduftC	4	4
CduftDso>DgaGgaD	Disease - drug-used-for-treatment - Compound	DduftC	1	4
CduftDso>DgaGgaD	Disease > subclass-of > Disease	DsoD	2	4
CduftDso>DgaGgaD	Gene - genetic-association - Disease	GgaD	3	4
CduftDso>DgaGgaD	Gene - genetic-association - Disease	GgaD	4	4
CduftDso>Dso>D<soD	Disease - drug-used-for-treatment - Compound	DduftC	1	4
CduftDso>Dso>D<soD	Disease > subclass-of > Disease	DsoD	2	4
CduftDso>Dso>D<soD	Disease > subclass-of > Disease	DsoD	3	4
CduftDso>Dso>D<soD	Disease > subclass-of > Disease	DsoD	4	4
CduftDso>Dso>Dso>D	Disease - drug-used-for-treatment - Compound	DduftC	1	4
CduftDso>Dso>Dso>D	Disease > subclass-of > Disease	DsoD	2	4
CduftDso>Dso>Dso>D	Disease > subclass-of > Disease	DsoD	3	4
CduftDso>Dso>Dso>D	Disease > subclass-of > Disease	DsoD	4	4
Chp>C<hpC<hpCduftD	Compound > has-part > Compound	ChpC	1	4
Chp>C<hpC<hpCduftD	Compound > has-part > Compound	ChpC	2	4
Chp>C<hpC<hpCduftD	Compound > has-part > Compound	ChpC	3	4
Chp>C<hpC<hpCduftD	Disease - drug-used-for-treatment - Compound	DduftC	4	4
Chp>C<hpC<ioCduftD	Compound > has-part > Compound	ChpC	1	4
Chp>C<hpC<ioCduftD	Compound > has-part > Compound	ChpC	2	4
Chp>C<hpC<ioCduftD	Compound > instance-of > Compound	CioC	3	4
Chp>C<hpC<ioCduftD	Disease - drug-used-for-treatment - Compound	DduftC	4	4
Chp>C<hpCduftD<soD	Compound > has-part > Compound	ChpC	1	4
Chp>C<hpCduftD<soD	Compound > has-part > Compound	ChpC	2	4
Chp>C<hpCduftD<soD	Disease - drug-used-for-treatment - Compound	DduftC	3	4
Chp>C<hpCduftD<soD	Disease > subclass-of > Disease	DsoD	4	4
Chp>C<hpCduftDso>D	Compound > has-part > Compound	ChpC	1	4
Chp>C<hpCduftDso>D	Compound > has-part > Compound	ChpC	2	4
Chp>C<hpCduftDso>D	Disease - drug-used-for-treatment - Compound	DduftC	3	4
Chp>C<hpCduftDso>D	Disease > subclass-of > Disease	DsoD	4	4
Chp>C<hpChp>CduftD	Compound > has-part > Compound	ChpC	1	4
Chp>C<hpChp>CduftD	Compound > has-part > Compound	ChpC	2	4
Chp>C<hpChp>CduftD	Compound > has-part > Compound	ChpC	3	4
Chp>C<hpChp>CduftD	Disease - drug-used-for-treatment - Compound	DduftC	4	4
Chp>C<hpCio>CduftD	Compound > has-part > Compound	ChpC	1	4
Chp>C<hpCio>CduftD	Compound > has-part > Compound	ChpC	2	4
Chp>C<hpCio>CduftD	Compound > instance-of > Compound	CioC	3	4
Chp>C<hpCio>CduftD	Disease - drug-used-for-treatment - Compound	DduftC	4	4
Chp>C<hpCsdiCduftD	Compound > has-part > Compound	ChpC	1	4
Chp>C<hpCsdiCduftD	Compound > has-part > Compound	ChpC	2	4
Chp>C<hpCsdiCduftD	Compound - significant-drug-interaction - Compound	CsdiC	3	4
Chp>C<hpCsdiCduftD	Disease - drug-used-for-treatment - Compound	DduftC	4	4
Chp>C<ioC<hpCduftD	Compound > has-part > Compound	ChpC	1	4
Chp>C<ioC<hpCduftD	Compound > instance-of > Compound	CioC	2	4
Chp>C<ioC<hpCduftD	Compound > has-part > Compound	ChpC	3	4
Chp>C<ioC<hpCduftD	Disease - drug-used-for-treatment - Compound	DduftC	4	4
Chp>C<ioC<ioCduftD	Compound > has-part > Compound	ChpC	1	4
Chp>C<ioC<ioCduftD	Compound > instance-of > Compound	CioC	2	4
Chp>C<ioC<ioCduftD	Compound > instance-of > Compound	CioC	3	4
Chp>C<ioC<ioCduftD	Disease - drug-used-for-treatment - Compound	DduftC	4	4
Chp>C<ioCduftD<soD	Compound > has-part > Compound	ChpC	1	4
Chp>C<ioCduftD<soD	Compound > instance-of > Compound	CioC	2	4
Chp>C<ioCduftD<soD	Disease - drug-used-for-treatment - Compound	DduftC	3	4
Chp>C<ioCduftD<soD	Disease > subclass-of > Disease	DsoD	4	4
Chp>C<ioCduftDso>D	Compound > has-part > Compound	ChpC	1	4
Chp>C<ioCduftDso>D	Compound > instance-of > Compound	CioC	2	4
Chp>C<ioCduftDso>D	Disease - drug-used-for-treatment - Compound	DduftC	3	4
Chp>C<ioCduftDso>D	Disease > subclass-of > Disease	DsoD	4	4
Chp>C<ioChp>CduftD	Compound > has-part > Compound	ChpC	1	4
Chp>C<ioChp>CduftD	Compound > instance-of > Compound	CioC	2	4
Chp>C<ioChp>CduftD	Compound > has-part > Compound	ChpC	3	4
Chp>C<ioChp>CduftD	Disease - drug-used-for-treatment - Compound	DduftC	4	4
Chp>C<ioCio>CduftD	Compound > has-part > Compound	ChpC	1	4
Chp>C<ioCio>CduftD	Compound > instance-of > Compound	CioC	2	4
Chp>C<ioCio>CduftD	Compound > instance-of > Compound	CioC	3	4
Chp>C<ioCio>CduftD	Disease - drug-used-for-treatment - Compound	DduftC	4	4
Chp>C<ioCsdiCduftD	Compound > has-part > Compound	ChpC	1	4
Chp>C<ioCsdiCduftD	Compound > instance-of > Compound	CioC	2	4
Chp>C<ioCsdiCduftD	Compound - significant-drug-interaction - Compound	CsdiC	3	4
Chp>C<ioCsdiCduftD	Disease - drug-used-for-treatment - Compound	DduftC	4	4
Chp>CduftD<soD<soD	Compound > has-part > Compound	ChpC	1	4
Chp>CduftD<soD<soD	Disease - drug-used-for-treatment - Compound	DduftC	2	4
Chp>CduftD<soD<soD	Disease > subclass-of > Disease	DsoD	3	4
Chp>CduftD<soD<soD	Disease > subclass-of > Disease	DsoD	4	4
Chp>CduftD<soDso>D	Compound > has-part > Compound	ChpC	1	4
Chp>CduftD<soDso>D	Disease - drug-used-for-treatment - Compound	DduftC	2	4
Chp>CduftD<soDso>D	Disease > subclass-of > Disease	DsoD	3	4
Chp>CduftD<soDso>D	Disease > subclass-of > Disease	DsoD	4	4
Chp>CduftDduftCduftD	Compound > has-part > Compound	ChpC	1	4
Chp>CduftDduftCduftD	Disease - drug-used-for-treatment - Compound	DduftC	2	4
Chp>CduftDduftCduftD	Disease - drug-used-for-treatment - Compound	DduftC	3	4
Chp>CduftDduftCduftD	Disease - drug-used-for-treatment - Compound	DduftC	4	4
Chp>CduftDgaGgaD	Compound > has-part > Compound	ChpC	1	4
Chp>CduftDgaGgaD	Disease - drug-used-for-treatment - Compound	DduftC	2	4
Chp>CduftDgaGgaD	Gene - genetic-association - Disease	GgaD	3	4
Chp>CduftDgaGgaD	Gene - genetic-association - Disease	GgaD	4	4
Chp>CduftDso>D<soD	Compound > has-part > Compound	ChpC	1	4
Chp>CduftDso>D<soD	Disease - drug-used-for-treatment - Compound	DduftC	2	4
Chp>CduftDso>D<soD	Disease > subclass-of > Disease	DsoD	3	4
Chp>CduftDso>D<soD	Disease > subclass-of > Disease	DsoD	4	4
Chp>CduftDso>Dso>D	Compound > has-part > Compound	ChpC	1	4
Chp>CduftDso>Dso>D	Disease - drug-used-for-treatment - Compound	DduftC	2	4
Chp>CduftDso>Dso>D	Disease > subclass-of > Disease	DsoD	3	4
Chp>CduftDso>Dso>D	Disease > subclass-of > Disease	DsoD	4	4
Chp>Chp>C<hpCduftD	Compound > has-part > Compound	ChpC	1	4
Chp>Chp>C<hpCduftD	Compound > has-part > Compound	ChpC	2	4
Chp>Chp>C<hpCduftD	Compound > has-part > Compound	ChpC	3	4
Chp>Chp>C<hpCduftD	Disease - drug-used-for-treatment - Compound	DduftC	4	4
Chp>Chp>C<ioCduftD	Compound > has-part > Compound	ChpC	1	4
Chp>Chp>C<ioCduftD	Compound > has-part > Compound	ChpC	2	4
Chp>Chp>C<ioCduftD	Compound > instance-of > Compound	CioC	3	4
Chp>Chp>C<ioCduftD	Disease - drug-used-for-treatment - Compound	DduftC	4	4
Chp>Chp>CduftD<soD	Compound > has-part > Compound	ChpC	1	4
Chp>Chp>CduftD<soD	Compound > has-part > Compound	ChpC	2	4
Chp>Chp>CduftD<soD	Disease - drug-used-for-treatment - Compound	DduftC	3	4
Chp>Chp>CduftD<soD	Disease > subclass-of > Disease	DsoD	4	4
Chp>Chp>CduftDso>D	Compound > has-part > Compound	ChpC	1	4
Chp>Chp>CduftDso>D	Compound > has-part > Compound	ChpC	2	4
Chp>Chp>CduftDso>D	Disease - drug-used-for-treatment - Compound	DduftC	3	4
Chp>Chp>CduftDso>D	Disease > subclass-of > Disease	DsoD	4	4
Chp>Chp>Chp>CduftD	Compound > has-part > Compound	ChpC	1	4
Chp>Chp>Chp>CduftD	Compound > has-part > Compound	ChpC	2	4
Chp>Chp>Chp>CduftD	Compound > has-part > Compound	ChpC	3	4
Chp>Chp>Chp>CduftD	Disease - drug-used-for-treatment - Compound	DduftC	4	4
Chp>Chp>Cio>CduftD	Compound > has-part > Compound	ChpC	1	4
Chp>Chp>Cio>CduftD	Compound > has-part > Compound	ChpC	2	4
Chp>Chp>Cio>CduftD	Compound > instance-of > Compound	CioC	3	4
Chp>Chp>Cio>CduftD	Disease - drug-used-for-treatment - Compound	DduftC	4	4
Chp>Chp>CsdiCduftD	Compound > has-part > Compound	ChpC	1	4
Chp>Chp>CsdiCduftD	Compound > has-part > Compound	ChpC	2	4
Chp>Chp>CsdiCduftD	Compound - significant-drug-interaction - Compound	CsdiC	3	4
Chp>Chp>CsdiCduftD	Disease - drug-used-for-treatment - Compound	DduftC	4	4
Chp>Cio>C<hpCduftD	Compound > has-part > Compound	ChpC	1	4
Chp>Cio>C<hpCduftD	Compound > instance-of > Compound	CioC	2	4
Chp>Cio>C<hpCduftD	Compound > has-part > Compound	ChpC	3	4
Chp>Cio>C<hpCduftD	Disease - drug-used-for-treatment - Compound	DduftC	4	4
Chp>Cio>C<ioCduftD	Compound > has-part > Compound	ChpC	1	4
Chp>Cio>C<ioCduftD	Compound > instance-of > Compound	CioC	2	4
Chp>Cio>C<ioCduftD	Compound > instance-of > Compound	CioC	3	4
Chp>Cio>C<ioCduftD	Disease - drug-used-for-treatment - Compound	DduftC	4	4
Chp>Cio>CduftD<soD	Compound > has-part > Compound	ChpC	1	4
Chp>Cio>CduftD<soD	Compound > instance-of > Compound	CioC	2	4
Chp>Cio>CduftD<soD	Disease - drug-used-for-treatment - Compound	DduftC	3	4
Chp>Cio>CduftD<soD	Disease > subclass-of > Disease	DsoD	4	4
Chp>Cio>CduftDso>D	Compound > has-part > Compound	ChpC	1	4
Chp>Cio>CduftDso>D	Compound > instance-of > Compound	CioC	2	4
Chp>Cio>CduftDso>D	Disease - drug-used-for-treatment - Compound	DduftC	3	4
Chp>Cio>CduftDso>D	Disease > subclass-of > Disease	DsoD	4	4
Chp>Cio>Chp>CduftD	Compound > has-part > Compound	ChpC	1	4
Chp>Cio>Chp>CduftD	Compound > instance-of > Compound	CioC	2	4
Chp>Cio>Chp>CduftD	Compound > has-part > Compound	ChpC	3	4
Chp>Cio>Chp>CduftD	Disease - drug-used-for-treatment - Compound	DduftC	4	4
Chp>Cio>Cio>CduftD	Compound > has-part > Compound	ChpC	1	4
Chp>Cio>Cio>CduftD	Compound > instance-of > Compound	CioC	2	4
Chp>Cio>Cio>CduftD	Compound > instance-of > Compound	CioC	3	4
Chp>Cio>Cio>CduftD	Disease - drug-used-for-treatment - Compound	DduftC	4	4
Chp>Cio>CsdiCduftD	Compound > has-part > Compound	ChpC	1	4
Chp>Cio>CsdiCduftD	Compound > instance-of > Compound	CioC	2	4
Chp>Cio>CsdiCduftD	Compound - significant-drug-interaction - Compound	CsdiC	3	4
Chp>Cio>CsdiCduftD	Disease - drug-used-for-treatment - Compound	DduftC	4	4
Chp>CpiwPeGgaD	Compound > has-part > Compound	ChpC	1	4
Chp>CpiwPeGgaD	Protein - physically-interacts-with - Compound	PpiwC	2	4
Chp>CpiwPeGgaD	Gene - encodes - Protein	GeP	3	4
Chp>CpiwPeGgaD	Gene - genetic-association - Disease	GgaD	4	4
Chp>CpiwPpiwCduftD	Compound > has-part > Compound	ChpC	1	4
Chp>CpiwPpiwCduftD	Protein - physically-interacts-with - Compound	PpiwC	2	4
Chp>CpiwPpiwCduftD	Protein - physically-interacts-with - Compound	PpiwC	3	4
Chp>CpiwPpiwCduftD	Disease - drug-used-for-treatment - Compound	DduftC	4	4
Chp>CsdiC<hpCduftD	Compound > has-part > Compound	ChpC	1	4
Chp>CsdiC<hpCduftD	Compound - significant-drug-interaction - Compound	CsdiC	2	4
Chp>CsdiC<hpCduftD	Compound > has-part > Compound	ChpC	3	4
Chp>CsdiC<hpCduftD	Disease - drug-used-for-treatment - Compound	DduftC	4	4
Chp>CsdiC<ioCduftD	Compound > has-part > Compound	ChpC	1	4
Chp>CsdiC<ioCduftD	Compound - significant-drug-interaction - Compound	CsdiC	2	4
Chp>CsdiC<ioCduftD	Compound > instance-of > Compound	CioC	3	4
Chp>CsdiC<ioCduftD	Disease - drug-used-for-treatment - Compound	DduftC	4	4
Chp>CsdiCduftD<soD	Compound > has-part > Compound	ChpC	1	4
Chp>CsdiCduftD<soD	Compound - significant-drug-interaction - Compound	CsdiC	2	4
Chp>CsdiCduftD<soD	Disease - drug-used-for-treatment - Compound	DduftC	3	4
Chp>CsdiCduftD<soD	Disease > subclass-of > Disease	DsoD	4	4
Chp>CsdiCduftDso>D	Compound > has-part > Compound	ChpC	1	4
Chp>CsdiCduftDso>D	Compound - significant-drug-interaction - Compound	CsdiC	2	4
Chp>CsdiCduftDso>D	Disease - drug-used-for-treatment - Compound	DduftC	3	4
Chp>CsdiCduftDso>D	Disease > subclass-of > Disease	DsoD	4	4
Chp>CsdiChp>CduftD	Compound > has-part > Compound	ChpC	1	4
Chp>CsdiChp>CduftD	Compound - significant-drug-interaction - Compound	CsdiC	2	4
Chp>CsdiChp>CduftD	Compound > has-part > Compound	ChpC	3	4
Chp>CsdiChp>CduftD	Disease - drug-used-for-treatment - Compound	DduftC	4	4
Chp>CsdiCio>CduftD	Compound > has-part > Compound	ChpC	1	4
Chp>CsdiCio>CduftD	Compound - significant-drug-interaction - Compound	CsdiC	2	4
Chp>CsdiCio>CduftD	Compound > instance-of > Compound	CioC	3	4
Chp>CsdiCio>CduftD	Disease - drug-used-for-treatment - Compound	DduftC	4	4
Chp>CsdiCsdiCduftD	Compound > has-part > Compound	ChpC	1	4
Chp>CsdiCsdiCduftD	Compound - significant-drug-interaction - Compound	CsdiC	2	4
Chp>CsdiCsdiCduftD	Compound - significant-drug-interaction - Compound	CsdiC	3	4
Chp>CsdiCsdiCduftD	Disease - drug-used-for-treatment - Compound	DduftC	4	4
Cio>C<hpC<hpCduftD	Compound > instance-of > Compound	CioC	1	4
Cio>C<hpC<hpCduftD	Compound > has-part > Compound	ChpC	2	4
Cio>C<hpC<hpCduftD	Compound > has-part > Compound	ChpC	3	4
Cio>C<hpC<hpCduftD	Disease - drug-used-for-treatment - Compound	DduftC	4	4
Cio>C<hpC<ioCduftD	Compound > instance-of > Compound	CioC	1	4
Cio>C<hpC<ioCduftD	Compound > has-part > Compound	ChpC	2	4
Cio>C<hpC<ioCduftD	Compound > instance-of > Compound	CioC	3	4
Cio>C<hpC<ioCduftD	Disease - drug-used-for-treatment - Compound	DduftC	4	4
Cio>C<hpCduftD<soD	Compound > instance-of > Compound	CioC	1	4
Cio>C<hpCduftD<soD	Compound > has-part > Compound	ChpC	2	4
Cio>C<hpCduftD<soD	Disease - drug-used-for-treatment - Compound	DduftC	3	4
Cio>C<hpCduftD<soD	Disease > subclass-of > Disease	DsoD	4	4
Cio>C<hpCduftDso>D	Compound > instance-of > Compound	CioC	1	4
Cio>C<hpCduftDso>D	Compound > has-part > Compound	ChpC	2	4
Cio>C<hpCduftDso>D	Disease - drug-used-for-treatment - Compound	DduftC	3	4
Cio>C<hpCduftDso>D	Disease > subclass-of > Disease	DsoD	4	4
Cio>C<hpChp>CduftD	Compound > instance-of > Compound	CioC	1	4
Cio>C<hpChp>CduftD	Compound > has-part > Compound	ChpC	2	4
Cio>C<hpChp>CduftD	Compound > has-part > Compound	ChpC	3	4
Cio>C<hpChp>CduftD	Disease - drug-used-for-treatment - Compound	DduftC	4	4
Cio>C<hpCio>CduftD	Compound > instance-of > Compound	CioC	1	4
Cio>C<hpCio>CduftD	Compound > has-part > Compound	ChpC	2	4
Cio>C<hpCio>CduftD	Compound > instance-of > Compound	CioC	3	4
Cio>C<hpCio>CduftD	Disease - drug-used-for-treatment - Compound	DduftC	4	4
Cio>C<hpCsdiCduftD	Compound > instance-of > Compound	CioC	1	4
Cio>C<hpCsdiCduftD	Compound > has-part > Compound	ChpC	2	4
Cio>C<hpCsdiCduftD	Compound - significant-drug-interaction - Compound	CsdiC	3	4
Cio>C<hpCsdiCduftD	Disease - drug-used-for-treatment - Compound	DduftC	4	4
Cio>C<ioC<hpCduftD	Compound > instance-of > Compound	CioC	1	4
Cio>C<ioC<hpCduftD	Compound > instance-of > Compound	CioC	2	4
Cio>C<ioC<hpCduftD	Compound > has-part > Compound	ChpC	3	4
Cio>C<ioC<hpCduftD	Disease - drug-used-for-treatment - Compound	DduftC	4	4
Cio>C<ioC<ioCduftD	Compound > instance-of > Compound	CioC	1	4
Cio>C<ioC<ioCduftD	Compound > instance-of > Compound	CioC	2	4
Cio>C<ioC<ioCduftD	Compound > instance-of > Compound	CioC	3	4
Cio>C<ioC<ioCduftD	Disease - drug-used-for-treatment - Compound	DduftC	4	4
Cio>C<ioCduftD<soD	Compound > instance-of > Compound	CioC	1	4
Cio>C<ioCduftD<soD	Compound > instance-of > Compound	CioC	2	4
Cio>C<ioCduftD<soD	Disease - drug-used-for-treatment - Compound	DduftC	3	4
Cio>C<ioCduftD<soD	Disease > subclass-of > Disease	DsoD	4	4
Cio>C<ioCduftDso>D	Compound > instance-of > Compound	CioC	1	4
Cio>C<ioCduftDso>D	Compound > instance-of > Compound	CioC	2	4
Cio>C<ioCduftDso>D	Disease - drug-used-for-treatment - Compound	DduftC	3	4
Cio>C<ioCduftDso>D	Disease > subclass-of > Disease	DsoD	4	4
Cio>C<ioChp>CduftD	Compound > instance-of > Compound	CioC	1	4
Cio>C<ioChp>CduftD	Compound > instance-of > Compound	CioC	2	4
Cio>C<ioChp>CduftD	Compound > has-part > Compound	ChpC	3	4
Cio>C<ioChp>CduftD	Disease - drug-used-for-treatment - Compound	DduftC	4	4
Cio>C<ioCio>CduftD	Compound > instance-of > Compound	CioC	1	4
Cio>C<ioCio>CduftD	Compound > instance-of > Compound	CioC	2	4
Cio>C<ioCio>CduftD	Compound > instance-of > Compound	CioC	3	4
Cio>C<ioCio>CduftD	Disease - drug-used-for-treatment - Compound	DduftC	4	4
Cio>C<ioCsdiCduftD	Compound > instance-of > Compound	CioC	1	4
Cio>C<ioCsdiCduftD	Compound > instance-of > Compound	CioC	2	4
Cio>C<ioCsdiCduftD	Compound - significant-drug-interaction - Compound	CsdiC	3	4
Cio>C<ioCsdiCduftD	Disease - drug-used-for-treatment - Compound	DduftC	4	4
Cio>CduftD<soD<soD	Compound > instance-of > Compound	CioC	1	4
Cio>CduftD<soD<soD	Disease - drug-used-for-treatment - Compound	DduftC	2	4
Cio>CduftD<soD<soD	Disease > subclass-of > Disease	DsoD	3	4
Cio>CduftD<soD<soD	Disease > subclass-of > Disease	DsoD	4	4
Cio>CduftD<soDso>D	Compound > instance-of > Compound	CioC	1	4
Cio>CduftD<soDso>D	Disease - drug-used-for-treatment - Compound	DduftC	2	4
Cio>CduftD<soDso>D	Disease > subclass-of > Disease	DsoD	3	4
Cio>CduftD<soDso>D	Disease > subclass-of > Disease	DsoD	4	4
Cio>CduftDduftCduftD	Compound > instance-of > Compound	CioC	1	4
Cio>CduftDduftCduftD	Disease - drug-used-for-treatment - Compound	DduftC	2	4
Cio>CduftDduftCduftD	Disease - drug-used-for-treatment - Compound	DduftC	3	4
Cio>CduftDduftCduftD	Disease - drug-used-for-treatment - Compound	DduftC	4	4
Cio>CduftDgaGgaD	Compound > instance-of > Compound	CioC	1	4
Cio>CduftDgaGgaD	Disease - drug-used-for-treatment - Compound	DduftC	2	4
Cio>CduftDgaGgaD	Gene - genetic-association - Disease	GgaD	3	4
Cio>CduftDgaGgaD	Gene - genetic-association - Disease	GgaD	4	4
Cio>CduftDso>D<soD	Compound > instance-of > Compound	CioC	1	4
Cio>CduftDso>D<soD	Disease - drug-used-for-treatment - Compound	DduftC	2	4
Cio>CduftDso>D<soD	Disease > subclass-of > Disease	DsoD	3	4
Cio>CduftDso>D<soD	Disease > subclass-of > Disease	DsoD	4	4
Cio>CduftDso>Dso>D	Compound > instance-of > Compound	CioC	1	4
Cio>CduftDso>Dso>D	Disease - drug-used-for-treatment - Compound	DduftC	2	4
Cio>CduftDso>Dso>D	Disease > subclass-of > Disease	DsoD	3	4
Cio>CduftDso>Dso>D	Disease > subclass-of > Disease	DsoD	4	4
Cio>Chp>C<hpCduftD	Compound > instance-of > Compound	CioC	1	4
Cio>Chp>C<hpCduftD	Compound > has-part > Compound	ChpC	2	4
Cio>Chp>C<hpCduftD	Compound > has-part > Compound	ChpC	3	4
Cio>Chp>C<hpCduftD	Disease - drug-used-for-treatment - Compound	DduftC	4	4
Cio>Chp>C<ioCduftD	Compound > instance-of > Compound	CioC	1	4
Cio>Chp>C<ioCduftD	Compound > has-part > Compound	ChpC	2	4
Cio>Chp>C<ioCduftD	Compound > instance-of > Compound	CioC	3	4
Cio>Chp>C<ioCduftD	Disease - drug-used-for-treatment - Compound	DduftC	4	4
Cio>Chp>CduftD<soD	Compound > instance-of > Compound	CioC	1	4
Cio>Chp>CduftD<soD	Compound > has-part > Compound	ChpC	2	4
Cio>Chp>CduftD<soD	Disease - drug-used-for-treatment - Compound	DduftC	3	4
Cio>Chp>CduftD<soD	Disease > subclass-of > Disease	DsoD	4	4
Cio>Chp>CduftDso>D	Compound > instance-of > Compound	CioC	1	4
Cio>Chp>CduftDso>D	Compound > has-part > Compound	ChpC	2	4
Cio>Chp>CduftDso>D	Disease - drug-used-for-treatment - Compound	DduftC	3	4
Cio>Chp>CduftDso>D	Disease > subclass-of > Disease	DsoD	4	4
Cio>Chp>Chp>CduftD	Compound > instance-of > Compound	CioC	1	4
Cio>Chp>Chp>CduftD	Compound > has-part > Compound	ChpC	2	4
Cio>Chp>Chp>CduftD	Compound > has-part > Compound	ChpC	3	4
Cio>Chp>Chp>CduftD	Disease - drug-used-for-treatment - Compound	DduftC	4	4
Cio>Chp>Cio>CduftD	Compound > instance-of > Compound	CioC	1	4
Cio>Chp>Cio>CduftD	Compound > has-part > Compound	ChpC	2	4
Cio>Chp>Cio>CduftD	Compound > instance-of > Compound	CioC	3	4
Cio>Chp>Cio>CduftD	Disease - drug-used-for-treatment - Compound	DduftC	4	4
Cio>Chp>CsdiCduftD	Compound > instance-of > Compound	CioC	1	4
Cio>Chp>CsdiCduftD	Compound > has-part > Compound	ChpC	2	4
Cio>Chp>CsdiCduftD	Compound - significant-drug-interaction - Compound	CsdiC	3	4
Cio>Chp>CsdiCduftD	Disease - drug-used-for-treatment - Compound	DduftC	4	4
Cio>Cio>C<hpCduftD	Compound > instance-of > Compound	CioC	1	4
Cio>Cio>C<hpCduftD	Compound > instance-of > Compound	CioC	2	4
Cio>Cio>C<hpCduftD	Compound > has-part > Compound	ChpC	3	4
Cio>Cio>C<hpCduftD	Disease - drug-used-for-treatment - Compound	DduftC	4	4
Cio>Cio>C<ioCduftD	Compound > instance-of > Compound	CioC	1	4
Cio>Cio>C<ioCduftD	Compound > instance-of > Compound	CioC	2	4
Cio>Cio>C<ioCduftD	Compound > instance-of > Compound	CioC	3	4
Cio>Cio>C<ioCduftD	Disease - drug-used-for-treatment - Compound	DduftC	4	4
Cio>Cio>CduftD<soD	Compound > instance-of > Compound	CioC	1	4
Cio>Cio>CduftD<soD	Compound > instance-of > Compound	CioC	2	4
Cio>Cio>CduftD<soD	Disease - drug-used-for-treatment - Compound	DduftC	3	4
Cio>Cio>CduftD<soD	Disease > subclass-of > Disease	DsoD	4	4
Cio>Cio>CduftDso>D	Compound > instance-of > Compound	CioC	1	4
Cio>Cio>CduftDso>D	Compound > instance-of > Compound	CioC	2	4
Cio>Cio>CduftDso>D	Disease - drug-used-for-treatment - Compound	DduftC	3	4
Cio>Cio>CduftDso>D	Disease > subclass-of > Disease	DsoD	4	4
Cio>Cio>Chp>CduftD	Compound > instance-of > Compound	CioC	1	4
Cio>Cio>Chp>CduftD	Compound > instance-of > Compound	CioC	2	4
Cio>Cio>Chp>CduftD	Compound > has-part > Compound	ChpC	3	4
Cio>Cio>Chp>CduftD	Disease - drug-used-for-treatment - Compound	DduftC	4	4
Cio>Cio>Cio>CduftD	Compound > instance-of > Compound	CioC	1	4
Cio>Cio>Cio>CduftD	Compound > instance-of > Compound	CioC	2	4
Cio>Cio>Cio>CduftD	Compound > instance-of > Compound	CioC	3	4
Cio>Cio>Cio>CduftD	Disease - drug-used-for-treatment - Compound	DduftC	4	4
Cio>Cio>CsdiCduftD	Compound > instance-of > Compound	CioC	1	4
Cio>Cio>CsdiCduftD	Compound > instance-of > Compound	CioC	2	4
Cio>Cio>CsdiCduftD	Compound - significant-drug-interaction - Compound	CsdiC	3	4
Cio>Cio>CsdiCduftD	Disease - drug-used-for-treatment - Compound	DduftC	4	4
Cio>CpiwPeGgaD	Compound > instance-of > Compound	CioC	1	4
Cio>CpiwPeGgaD	Protein - physically-interacts-with - Compound	PpiwC	2	4
Cio>CpiwPeGgaD	Gene - encodes - Protein	GeP	3	4
Cio>CpiwPeGgaD	Gene - genetic-association - Disease	GgaD	4	4
Cio>CpiwPpiwCduftD	Compound > instance-of > Compound	CioC	1	4
Cio>CpiwPpiwCduftD	Protein - physically-interacts-with - Compound	PpiwC	2	4
Cio>CpiwPpiwCduftD	Protein - physically-interacts-with - Compound	PpiwC	3	4
Cio>CpiwPpiwCduftD	Disease - drug-used-for-treatment - Compound	DduftC	4	4
Cio>CsdiC<hpCduftD	Compound > instance-of > Compound	CioC	1	4
Cio>CsdiC<hpCduftD	Compound - significant-drug-interaction - Compound	CsdiC	2	4
Cio>CsdiC<hpCduftD	Compound > has-part > Compound	ChpC	3	4
Cio>CsdiC<hpCduftD	Disease - drug-used-for-treatment - Compound	DduftC	4	4
Cio>CsdiC<ioCduftD	Compound > instance-of > Compound	CioC	1	4
Cio>CsdiC<ioCduftD	Compound - significant-drug-interaction - Compound	CsdiC	2	4
Cio>CsdiC<ioCduftD	Compound > instance-of > Compound	CioC	3	4
Cio>CsdiC<ioCduftD	Disease - drug-used-for-treatment - Compound	DduftC	4	4
Cio>CsdiCduftD<soD	Compound > instance-of > Compound	CioC	1	4
Cio>CsdiCduftD<soD	Compound - significant-drug-interaction - Compound	CsdiC	2	4
Cio>CsdiCduftD<soD	Disease - drug-used-for-treatment - Compound	DduftC	3	4
Cio>CsdiCduftD<soD	Disease > subclass-of > Disease	DsoD	4	4
Cio>CsdiCduftDso>D	Compound > instance-of > Compound	CioC	1	4
Cio>CsdiCduftDso>D	Compound - significant-drug-interaction - Compound	CsdiC	2	4
Cio>CsdiCduftDso>D	Disease - drug-used-for-treatment - Compound	DduftC	3	4
Cio>CsdiCduftDso>D	Disease > subclass-of > Disease	DsoD	4	4
Cio>CsdiChp>CduftD	Compound > instance-of > Compound	CioC	1	4
Cio>CsdiChp>CduftD	Compound - significant-drug-interaction - Compound	CsdiC	2	4
Cio>CsdiChp>CduftD	Compound > has-part > Compound	ChpC	3	4
Cio>CsdiChp>CduftD	Disease - drug-used-for-treatment - Compound	DduftC	4	4
Cio>CsdiCio>CduftD	Compound > instance-of > Compound	CioC	1	4
Cio>CsdiCio>CduftD	Compound - significant-drug-interaction - Compound	CsdiC	2	4
Cio>CsdiCio>CduftD	Compound > instance-of > Compound	CioC	3	4
Cio>CsdiCio>CduftD	Disease - drug-used-for-treatment - Compound	DduftC	4	4
Cio>CsdiCsdiCduftD	Compound > instance-of > Compound	CioC	1	4
Cio>CsdiCsdiCduftD	Compound - significant-drug-interaction - Compound	CsdiC	2	4
Cio>CsdiCsdiCduftD	Compound - significant-drug-interaction - Compound	CsdiC	3	4
Cio>CsdiCsdiCduftD	Disease - drug-used-for-treatment - Compound	DduftC	4	4
CpiwPeGgaD<soD	Protein - physically-interacts-with - Compound	PpiwC	1	4
CpiwPeGgaD<soD	Gene - encodes - Protein	GeP	2	4
CpiwPeGgaD<soD	Gene - genetic-association - Disease	GgaD	3	4
CpiwPeGgaD<soD	Disease > subclass-of > Disease	DsoD	4	4
CpiwPeGgaDso>D	Protein - physically-interacts-with - Compound	PpiwC	1	4
CpiwPeGgaDso>D	Gene - encodes - Protein	GeP	2	4
CpiwPeGgaDso>D	Gene - genetic-association - Disease	GgaD	3	4
CpiwPeGgaDso>D	Disease > subclass-of > Disease	DsoD	4	4
CpiwPpiwC<hpCduftD	Protein - physically-interacts-with - Compound	PpiwC	1	4
CpiwPpiwC<hpCduftD	Protein - physically-interacts-with - Compound	PpiwC	2	4
CpiwPpiwC<hpCduftD	Compound > has-part > Compound	ChpC	3	4
CpiwPpiwC<hpCduftD	Disease - drug-used-for-treatment - Compound	DduftC	4	4
CpiwPpiwC<ioCduftD	Protein - physically-interacts-with - Compound	PpiwC	1	4
CpiwPpiwC<ioCduftD	Protein - physically-interacts-with - Compound	PpiwC	2	4
CpiwPpiwC<ioCduftD	Compound > instance-of > Compound	CioC	3	4
CpiwPpiwC<ioCduftD	Disease - drug-used-for-treatment - Compound	DduftC	4	4
CpiwPpiwCduftD<soD	Protein - physically-interacts-with - Compound	PpiwC	1	4
CpiwPpiwCduftD<soD	Protein - physically-interacts-with - Compound	PpiwC	2	4
CpiwPpiwCduftD<soD	Disease - drug-used-for-treatment - Compound	DduftC	3	4
CpiwPpiwCduftD<soD	Disease > subclass-of > Disease	DsoD	4	4
CpiwPpiwCduftDso>D	Protein - physically-interacts-with - Compound	PpiwC	1	4
CpiwPpiwCduftDso>D	Protein - physically-interacts-with - Compound	PpiwC	2	4
CpiwPpiwCduftDso>D	Disease - drug-used-for-treatment - Compound	DduftC	3	4
CpiwPpiwCduftDso>D	Disease > subclass-of > Disease	DsoD	4	4
CpiwPpiwChp>CduftD	Protein - physically-interacts-with - Compound	PpiwC	1	4
CpiwPpiwChp>CduftD	Protein - physically-interacts-with - Compound	PpiwC	2	4
CpiwPpiwChp>CduftD	Compound > has-part > Compound	ChpC	3	4
CpiwPpiwChp>CduftD	Disease - drug-used-for-treatment - Compound	DduftC	4	4
CpiwPpiwCio>CduftD	Protein - physically-interacts-with - Compound	PpiwC	1	4
CpiwPpiwCio>CduftD	Protein - physically-interacts-with - Compound	PpiwC	2	4
CpiwPpiwCio>CduftD	Compound > instance-of > Compound	CioC	3	4
CpiwPpiwCio>CduftD	Disease - drug-used-for-treatment - Compound	DduftC	4	4
CpiwPpiwCsdiCduftD	Protein - physically-interacts-with - Compound	PpiwC	1	4
CpiwPpiwCsdiCduftD	Protein - physically-interacts-with - Compound	PpiwC	2	4
CpiwPpiwCsdiCduftD	Compound - significant-drug-interaction - Compound	CsdiC	3	4
CpiwPpiwCsdiCduftD	Disease - drug-used-for-treatment - Compound	DduftC	4	4
CsdiC<hpC<hpCduftD	Compound - significant-drug-interaction - Compound	CsdiC	1	4
CsdiC<hpC<hpCduftD	Compound > has-part > Compound	ChpC	2	4
CsdiC<hpC<hpCduftD	Compound > has-part > Compound	ChpC	3	4
CsdiC<hpC<hpCduftD	Disease - drug-used-for-treatment - Compound	DduftC	4	4
CsdiC<hpC<ioCduftD	Compound - significant-drug-interaction - Compound	CsdiC	1	4
CsdiC<hpC<ioCduftD	Compound > has-part > Compound	ChpC	2	4
CsdiC<hpC<ioCduftD	Compound > instance-of > Compound	CioC	3	4
CsdiC<hpC<ioCduftD	Disease - drug-used-for-treatment - Compound	DduftC	4	4
CsdiC<hpCduftD<soD	Compound - significant-drug-interaction - Compound	CsdiC	1	4
CsdiC<hpCduftD<soD	Compound > has-part > Compound	ChpC	2	4
CsdiC<hpCduftD<soD	Disease - drug-used-for-treatment - Compound	DduftC	3	4
CsdiC<hpCduftD<soD	Disease > subclass-of > Disease	DsoD	4	4
CsdiC<hpCduftDso>D	Compound - significant-drug-interaction - Compound	CsdiC	1	4
CsdiC<hpCduftDso>D	Compound > has-part > Compound	ChpC	2	4
CsdiC<hpCduftDso>D	Disease - drug-used-for-treatment - Compound	DduftC	3	4
CsdiC<hpCduftDso>D	Disease > subclass-of > Disease	DsoD	4	4
CsdiC<hpChp>CduftD	Compound - significant-drug-interaction - Compound	CsdiC	1	4
CsdiC<hpChp>CduftD	Compound > has-part > Compound	ChpC	2	4
CsdiC<hpChp>CduftD	Compound > has-part > Compound	ChpC	3	4
CsdiC<hpChp>CduftD	Disease - drug-used-for-treatment - Compound	DduftC	4	4
CsdiC<hpCio>CduftD	Compound - significant-drug-interaction - Compound	CsdiC	1	4
CsdiC<hpCio>CduftD	Compound > has-part > Compound	ChpC	2	4
CsdiC<hpCio>CduftD	Compound > instance-of > Compound	CioC	3	4
CsdiC<hpCio>CduftD	Disease - drug-used-for-treatment - Compound	DduftC	4	4
CsdiC<hpCsdiCduftD	Compound - significant-drug-interaction - Compound	CsdiC	1	4
CsdiC<hpCsdiCduftD	Compound > has-part > Compound	ChpC	2	4
CsdiC<hpCsdiCduftD	Compound - significant-drug-interaction - Compound	CsdiC	3	4
CsdiC<hpCsdiCduftD	Disease - drug-used-for-treatment - Compound	DduftC	4	4
CsdiC<ioC<hpCduftD	Compound - significant-drug-interaction - Compound	CsdiC	1	4
CsdiC<ioC<hpCduftD	Compound > instance-of > Compound	CioC	2	4
CsdiC<ioC<hpCduftD	Compound > has-part > Compound	ChpC	3	4
CsdiC<ioC<hpCduftD	Disease - drug-used-for-treatment - Compound	DduftC	4	4
CsdiC<ioC<ioCduftD	Compound - significant-drug-interaction - Compound	CsdiC	1	4
CsdiC<ioC<ioCduftD	Compound > instance-of > Compound	CioC	2	4
CsdiC<ioC<ioCduftD	Compound > instance-of > Compound	CioC	3	4
CsdiC<ioC<ioCduftD	Disease - drug-used-for-treatment - Compound	DduftC	4	4
CsdiC<ioCduftD<soD	Compound - significant-drug-interaction - Compound	CsdiC	1	4
CsdiC<ioCduftD<soD	Compound > instance-of > Compound	CioC	2	4
CsdiC<ioCduftD<soD	Disease - drug-used-for-treatment - Compound	DduftC	3	4
CsdiC<ioCduftD<soD	Disease > subclass-of > Disease	DsoD	4	4
CsdiC<ioCduftDso>D	Compound - significant-drug-interaction - Compound	CsdiC	1	4
CsdiC<ioCduftDso>D	Compound > instance-of > Compound	CioC	2	4
CsdiC<ioCduftDso>D	Disease - drug-used-for-treatment - Compound	DduftC	3	4
CsdiC<ioCduftDso>D	Disease > subclass-of > Disease	DsoD	4	4
CsdiC<ioChp>CduftD	Compound - significant-drug-interaction - Compound	CsdiC	1	4
CsdiC<ioChp>CduftD	Compound > instance-of > Compound	CioC	2	4
CsdiC<ioChp>CduftD	Compound > has-part > Compound	ChpC	3	4
CsdiC<ioChp>CduftD	Disease - drug-used-for-treatment - Compound	DduftC	4	4
CsdiC<ioCio>CduftD	Compound - significant-drug-interaction - Compound	CsdiC	1	4
CsdiC<ioCio>CduftD	Compound > instance-of > Compound	CioC	2	4
CsdiC<ioCio>CduftD	Compound > instance-of > Compound	CioC	3	4
CsdiC<ioCio>CduftD	Disease - drug-used-for-treatment - Compound	DduftC	4	4
CsdiC<ioCsdiCduftD	Compound - significant-drug-interaction - Compound	CsdiC	1	4
CsdiC<ioCsdiCduftD	Compound > instance-of > Compound	CioC	2	4
CsdiC<ioCsdiCduftD	Compound - significant-drug-interaction - Compound	CsdiC	3	4
CsdiC<ioCsdiCduftD	Disease - drug-used-for-treatment - Compound	DduftC	4	4
CsdiCduftD<soD<soD	Compound - significant-drug-interaction - Compound	CsdiC	1	4
CsdiCduftD<soD<soD	Disease - drug-used-for-treatment - Compound	DduftC	2	4
CsdiCduftD<soD<soD	Disease > subclass-of > Disease	DsoD	3	4
CsdiCduftD<soD<soD	Disease > subclass-of > Disease	DsoD	4	4
CsdiCduftD<soDso>D	Compound - significant-drug-interaction - Compound	CsdiC	1	4
CsdiCduftD<soDso>D	Disease - drug-used-for-treatment - Compound	DduftC	2	4
CsdiCduftD<soDso>D	Disease > subclass-of > Disease	DsoD	3	4
CsdiCduftD<soDso>D	Disease > subclass-of > Disease	DsoD	4	4
CsdiCduftDduftCduftD	Compound - significant-drug-interaction - Compound	CsdiC	1	4
CsdiCduftDduftCduftD	Disease - drug-used-for-treatment - Compound	DduftC	2	4
CsdiCduftDduftCduftD	Disease - drug-used-for-treatment - Compound	DduftC	3	4
CsdiCduftDduftCduftD	Disease - drug-used-for-treatment - Compound	DduftC	4	4
CsdiCduftDgaGgaD	Compound - significant-drug-interaction - Compound	CsdiC	1	4
CsdiCduftDgaGgaD	Disease - drug-used-for-treatment - Compound	DduftC	2	4
CsdiCduftDgaGgaD	Gene - genetic-association - Disease	GgaD	3	4
CsdiCduftDgaGgaD	Gene - genetic-association - Disease	GgaD	4	4
CsdiCduftDso>D<soD	Compound - significant-drug-interaction - Compound	CsdiC	1	4
CsdiCduftDso>D<soD	Disease - drug-used-for-treatment - Compound	DduftC	2	4
CsdiCduftDso>D<soD	Disease > subclass-of > Disease	DsoD	3	4
CsdiCduftDso>D<soD	Disease > subclass-of > Disease	DsoD	4	4
CsdiCduftDso>Dso>D	Compound - significant-drug-interaction - Compound	CsdiC	1	4
CsdiCduftDso>Dso>D	Disease - drug-used-for-treatment - Compound	DduftC	2	4
CsdiCduftDso>Dso>D	Disease > subclass-of > Disease	DsoD	3	4
CsdiCduftDso>Dso>D	Disease > subclass-of > Disease	DsoD	4	4
CsdiChp>C<hpCduftD	Compound - significant-drug-interaction - Compound	CsdiC	1	4
CsdiChp>C<hpCduftD	Compound > has-part > Compound	ChpC	2	4
CsdiChp>C<hpCduftD	Compound > has-part > Compound	ChpC	3	4
CsdiChp>C<hpCduftD	Disease - drug-used-for-treatment - Compound	DduftC	4	4
CsdiChp>C<ioCduftD	Compound - significant-drug-interaction - Compound	CsdiC	1	4
CsdiChp>C<ioCduftD	Compound > has-part > Compound	ChpC	2	4
CsdiChp>C<ioCduftD	Compound > instance-of > Compound	CioC	3	4
CsdiChp>C<ioCduftD	Disease - drug-used-for-treatment - Compound	DduftC	4	4
CsdiChp>CduftD<soD	Compound - significant-drug-interaction - Compound	CsdiC	1	4
CsdiChp>CduftD<soD	Compound > has-part > Compound	ChpC	2	4
CsdiChp>CduftD<soD	Disease - drug-used-for-treatment - Compound	DduftC	3	4
CsdiChp>CduftD<soD	Disease > subclass-of > Disease	DsoD	4	4
CsdiChp>CduftDso>D	Compound - significant-drug-interaction - Compound	CsdiC	1	4
CsdiChp>CduftDso>D	Compound > has-part > Compound	ChpC	2	4
CsdiChp>CduftDso>D	Disease - drug-used-for-treatment - Compound	DduftC	3	4
CsdiChp>CduftDso>D	Disease > subclass-of > Disease	DsoD	4	4
CsdiChp>Chp>CduftD	Compound - significant-drug-interaction - Compound	CsdiC	1	4
CsdiChp>Chp>CduftD	Compound > has-part > Compound	ChpC	2	4
CsdiChp>Chp>CduftD	Compound > has-part > Compound	ChpC	3	4
CsdiChp>Chp>CduftD	Disease - drug-used-for-treatment - Compound	DduftC	4	4
CsdiChp>Cio>CduftD	Compound - significant-drug-interaction - Compound	CsdiC	1	4
CsdiChp>Cio>CduftD	Compound > has-part > Compound	ChpC	2	4
CsdiChp>Cio>CduftD	Compound > instance-of > Compound	CioC	3	4
CsdiChp>Cio>CduftD	Disease - drug-used-for-treatment - Compound	DduftC	4	4
CsdiChp>CsdiCduftD	Compound - significant-drug-interaction - Compound	CsdiC	1	4
CsdiChp>CsdiCduftD	Compound > has-part > Compound	ChpC	2	4
CsdiChp>CsdiCduftD	Compound - significant-drug-interaction - Compound	CsdiC	3	4
CsdiChp>CsdiCduftD	Disease - drug-used-for-treatment - Compound	DduftC	4	4
CsdiCio>C<hpCduftD	Compound - significant-drug-interaction - Compound	CsdiC	1	4
CsdiCio>C<hpCduftD	Compound > instance-of > Compound	CioC	2	4
CsdiCio>C<hpCduftD	Compound > has-part > Compound	ChpC	3	4
CsdiCio>C<hpCduftD	Disease - drug-used-for-treatment - Compound	DduftC	4	4
CsdiCio>C<ioCduftD	Compound - significant-drug-interaction - Compound	CsdiC	1	4
CsdiCio>C<ioCduftD	Compound > instance-of > Compound	CioC	2	4
CsdiCio>C<ioCduftD	Compound > instance-of > Compound	CioC	3	4
CsdiCio>C<ioCduftD	Disease - drug-used-for-treatment - Compound	DduftC	4	4
CsdiCio>CduftD<soD	Compound - significant-drug-interaction - Compound	CsdiC	1	4
CsdiCio>CduftD<soD	Compound > instance-of > Compound	CioC	2	4
CsdiCio>CduftD<soD	Disease - drug-used-for-treatment - Compound	DduftC	3	4
CsdiCio>CduftD<soD	Disease > subclass-of > Disease	DsoD	4	4
CsdiCio>CduftDso>D	Compound - significant-drug-interaction - Compound	CsdiC	1	4
CsdiCio>CduftDso>D	Compound > instance-of > Compound	CioC	2	4
CsdiCio>CduftDso>D	Disease - drug-used-for-treatment - Compound	DduftC	3	4
CsdiCio>CduftDso>D	Disease > subclass-of > Disease	DsoD	4	4
CsdiCio>Chp>CduftD	Compound - significant-drug-interaction - Compound	CsdiC	1	4
CsdiCio>Chp>CduftD	Compound > instance-of > Compound	CioC	2	4
CsdiCio>Chp>CduftD	Compound > has-part > Compound	ChpC	3	4
CsdiCio>Chp>CduftD	Disease - drug-used-for-treatment - Compound	DduftC	4	4
CsdiCio>Cio>CduftD	Compound - significant-drug-interaction - Compound	CsdiC	1	4
CsdiCio>Cio>CduftD	Compound > instance-of > Compound	CioC	2	4
CsdiCio>Cio>CduftD	Compound > instance-of > Compound	CioC	3	4
CsdiCio>Cio>CduftD	Disease - drug-used-for-treatment - Compound	DduftC	4	4
CsdiCio>CsdiCduftD	Compound - significant-drug-interaction - Compound	CsdiC	1	4
CsdiCio>CsdiCduftD	Compound > instance-of > Compound	CioC	2	4
CsdiCio>CsdiCduftD	Compound - significant-drug-interaction - Compound	CsdiC	3	4
CsdiCio>CsdiCduftD	Disease - drug-used-for-treatment - Compound	DduftC	4	4
CsdiCpiwPeGgaD	Compound - significant-drug-interaction - Compound	CsdiC	1	4
CsdiCpiwPeGgaD	Protein - physically-interacts-with - Compound	PpiwC	2	4
CsdiCpiwPeGgaD	Gene - encodes - Protein	GeP	3	4
CsdiCpiwPeGgaD	Gene - genetic-association - Disease	GgaD	4	4
CsdiCpiwPpiwCduftD	Compound - significant-drug-interaction - Compound	CsdiC	1	4
CsdiCpiwPpiwCduftD	Protein - physically-interacts-with - Compound	PpiwC	2	4
CsdiCpiwPpiwCduftD	Protein - physically-interacts-with - Compound	PpiwC	3	4
CsdiCpiwPpiwCduftD	Disease - drug-used-for-treatment - Compound	DduftC	4	4
CsdiCsdiC<hpCduftD	Compound - significant-drug-interaction - Compound	CsdiC	1	4
CsdiCsdiC<hpCduftD	Compound - significant-drug-interaction - Compound	CsdiC	2	4
CsdiCsdiC<hpCduftD	Compound > has-part > Compound	ChpC	3	4
CsdiCsdiC<hpCduftD	Disease - drug-used-for-treatment - Compound	DduftC	4	4
CsdiCsdiC<ioCduftD	Compound - significant-drug-interaction - Compound	CsdiC	1	4
CsdiCsdiC<ioCduftD	Compound - significant-drug-interaction - Compound	CsdiC	2	4
CsdiCsdiC<ioCduftD	Compound > instance-of > Compound	CioC	3	4
CsdiCsdiC<ioCduftD	Disease - drug-used-for-treatment - Compound	DduftC	4	4
CsdiCsdiCduftD<soD	Compound - significant-drug-interaction - Compound	CsdiC	1	4
CsdiCsdiCduftD<soD	Compound - significant-drug-interaction - Compound	CsdiC	2	4
CsdiCsdiCduftD<soD	Disease - drug-used-for-treatment - Compound	DduftC	3	4
CsdiCsdiCduftD<soD	Disease > subclass-of > Disease	DsoD	4	4
CsdiCsdiCduftDso>D	Compound - significant-drug-interaction - Compound	CsdiC	1	4
CsdiCsdiCduftDso>D	Compound - significant-drug-interaction - Compound	CsdiC	2	4
CsdiCsdiCduftDso>D	Disease - drug-used-for-treatment - Compound	DduftC	3	4
CsdiCsdiCduftDso>D	Disease > subclass-of > Disease	DsoD	4	4
CsdiCsdiChp>CduftD	Compound - significant-drug-interaction - Compound	CsdiC	1	4
CsdiCsdiChp>CduftD	Compound - significant-drug-interaction - Compound	CsdiC	2	4
CsdiCsdiChp>CduftD	Compound > has-part > Compound	ChpC	3	4
CsdiCsdiChp>CduftD	Disease - drug-used-for-treatment - Compound	DduftC	4	4
CsdiCsdiCio>CduftD	Compound - significant-drug-interaction - Compound	CsdiC	1	4
CsdiCsdiCio>CduftD	Compound - significant-drug-interaction - Compound	CsdiC	2	4
CsdiCsdiCio>CduftD	Compound > instance-of > Compound	CioC	3	4
CsdiCsdiCio>CduftD	Disease - drug-used-for-treatment - Compound	DduftC	4	4
CsdiCsdiCsdiCduftD	Compound - significant-drug-interaction - Compound	CsdiC	1	4
CsdiCsdiCsdiCduftD	Compound - significant-drug-interaction - Compound	CsdiC	2	4
CsdiCsdiCsdiCduftD	Compound - significant-drug-interaction - Compound	CsdiC	3	4
CsdiCsdiCsdiCduftD	Disease - drug-used-for-treatment - Compound	DduftC	4	4
